ImageId,Prediction,Label
1,3,3
2,1,8
3,8,8
4,8,0
5,6,6
6,6,6
7,1,1
8,6,6
9,5,3
10,1,1
11,0,0
12,9,9
13,5,5
14,7,7
15,9,9
16,6,8
17,5,5
18,9,7
19,8,8
20,6,6
21,7,7
22,2,0
23,0,4
24,9,9
25,4,5
26,5,2
27,9,4
28,0,0
29,9,9
30,6,6
31,6,6
32,5,5
33,4,4
34,3,5
35,9,9
36,5,2
37,4,4
38,8,1
39,1,9
40,5,5
41,0,4
42,6,6
43,5,5
44,6,6
45,0,0
46,9,9
47,3,3
48,8,9
49,7,7
50,6,6
51,9,9
52,4,8
53,6,0
54,6,3
55,8,8
56,8,8
57,7,7
58,5,7
59,3,4
60,5,6
61,7,7
62,5,3
63,4,6
64,9,3
65,2,6
66,6,2
67,1,1
68,8,2
69,5,3
70,2,7
71,2,2
72,6,6
73,8,8
74,8,8
75,0,0
76,2,2
77,9,9
78,3,3
79,5,3
80,8,8
81,8,8
82,1,1
83,1,1
84,7,7
85,5,2
86,7,5
87,4,2
88,2,7
89,9,8
90,9,9
91,0,0
92,3,3
93,8,8
94,6,6
95,7,4
96,6,6
97,6,6
98,0,0
99,0,0
100,7,7
101,7,4
102,7,5
103,6,6
104,6,3
105,9,1
106,1,1
107,5,3
108,6,6
109,8,8
110,7,7
111,4,4
112,0,0
113,2,6
114,2,2
115,1,1
116,7,3
117,0,0
118,4,4
119,3,2
120,1,7
121,8,8
122,5,3
123,9,1
124,2,2
125,0,8
126,0,0
127,8,8
128,3,3
129,6,5
130,0,2
131,4,4
132,1,1
133,8,8
134,9,9
135,1,1
136,4,2
137,9,9
138,7,7
139,2,2
140,0,9
141,4,6
142,5,5
143,6,6
144,5,3
145,8,8
146,3,7
147,6,6
148,6,2
149,5,5
150,5,2
151,1,8
152,2,9
153,6,6
154,8,0
155,0,0
156,3,5
157,2,2
158,9,9
159,3,5
160,4,4
161,2,2
162,1,1
163,4,6
164,6,6
165,8,8
166,7,4
167,8,8
168,4,4
169,3,5
170,0,0
171,9,9
172,9,9
173,1,9
174,8,8
175,9,9
176,9,9
177,8,3
178,7,7
179,3,5
180,0,0
181,9,0
182,3,5
183,6,2
184,6,2
185,6,3
186,8,8
187,5,6
188,3,3
189,6,4
190,8,0
191,4,5
192,1,8
193,9,0
194,1,1
195,7,7
196,4,2
197,8,8
198,3,8
199,7,7
200,8,8
201,5,5
202,9,1
203,8,8
204,7,7
205,1,1
206,3,3
207,0,0
208,4,5
209,7,7
210,9,9
211,3,7
212,0,4
213,5,5
214,7,9
215,0,8
216,0,0
217,4,7
218,9,9
219,0,8
220,7,2
221,7,7
222,7,6
223,9,9
224,5,4
225,3,3
226,9,9
227,3,6
228,2,4
229,3,7
230,0,6
231,5,5
232,1,1
233,7,5
234,9,8
235,8,8
236,0,0
237,4,4
238,0,0
239,5,5
240,2,5
241,1,1
242,1,1
243,1,8
244,9,9
245,0,0
246,3,3
247,1,1
248,8,9
249,2,2
250,6,2
251,5,5
252,5,3
253,9,9
254,9,9
255,7,4
256,7,0
257,6,3
258,0,0
259,8,0
260,9,9
261,6,8
262,1,1
263,9,5
264,3,7
265,0,0
266,8,8
267,5,2
268,4,4
269,7,7
270,5,0
271,5,2
272,4,3
273,6,6
274,5,3
275,9,8
276,5,5
277,0,0
278,5,3
279,2,4
280,7,3
281,9,9
282,1,0
283,6,6
284,1,1
285,1,0
286,9,9
287,1,1
288,8,0
289,5,7
290,9,9
291,1,1
292,2,2
293,4,6
294,8,9
295,3,3
296,4,4
297,6,6
298,8,0
299,0,0
300,6,6
301,6,6
302,6,6
303,5,3
304,8,2
305,4,6
306,0,1
307,8,8
308,4,2
309,9,1
310,4,6
311,8,8
312,6,6
313,0,8
314,4,0
315,5,4
316,0,0
317,7,7
318,7,7
319,5,5
320,5,5
321,5,3
322,3,5
323,3,2
324,3,3
325,3,4
326,7,1
327,7,7
328,7,5
329,4,4
330,6,6
331,1,1
332,1,9
333,6,3
334,6,6
335,6,6
336,1,9
337,3,3
338,8,8
339,0,0
340,9,7
341,1,2
342,6,6
343,2,2
344,1,5
345,8,8
346,5,5
347,5,4
348,6,6
349,8,8
350,1,9
351,9,9
352,1,1
353,8,0
354,0,2
355,6,2
356,3,7
357,3,3
358,5,2
359,1,8
360,8,0
361,9,9
362,5,5
363,8,8
364,8,1
365,9,9
366,4,4
367,1,1
368,8,3
369,8,8
370,1,1
371,6,4
372,7,7
373,9,9
374,7,4
375,2,2
376,7,7
377,2,0
378,2,7
379,8,0
380,6,6
381,6,6
382,9,9
383,0,0
384,9,9
385,2,2
386,0,8
387,7,7
388,4,2
389,5,2
390,5,5
391,1,1
392,0,2
393,6,6
394,5,2
395,7,9
396,6,6
397,2,2
398,5,3
399,0,0
400,9,3
401,9,9
402,1,8
403,7,7
404,0,8
405,8,8
406,4,4
407,0,0
408,1,1
409,8,8
410,2,2
411,5,7
412,9,9
413,5,3
414,6,6
415,1,1
416,1,9
417,0,0
418,7,7
419,2,3
420,7,7
421,4,4
422,5,5
423,0,0
424,4,0
425,2,2
426,1,9
427,6,3
428,4,4
429,6,0
430,6,6
431,2,2
432,3,5
433,5,3
434,7,7
435,9,3
436,7,7
437,2,2
438,5,5
439,3,3
440,1,1
441,1,1
442,2,4
443,9,9
444,9,9
445,8,5
446,7,7
447,2,5
448,0,0
449,2,2
450,2,2
451,2,2
452,9,9
453,7,7
454,3,3
455,9,9
456,2,4
457,4,3
458,4,5
459,3,4
460,3,6
461,2,5
462,6,6
463,1,1
464,4,4
465,4,3
466,4,4
467,7,4
468,5,3
469,7,7
470,8,8
471,5,3
472,4,7
473,8,8
474,8,0
475,0,5
476,7,7
477,4,6
478,0,0
479,2,5
480,4,4
481,8,8
482,6,6
483,8,8
484,4,5
485,5,5
486,9,9
487,9,9
488,9,9
489,4,5
490,0,0
491,1,1
492,7,0
493,8,8
494,1,1
495,0,1
496,8,8
497,2,0
498,2,2
499,4,2
500,2,0
501,4,4
502,6,6
503,4,5
504,4,4
505,1,9
506,2,4
507,7,7
508,9,9
509,1,9
510,4,4
511,5,5
512,6,6
513,6,6
514,1,1
515,7,5
516,3,3
517,0,8
518,1,9
519,3,5
520,8,8
521,5,5
522,7,7
523,0,0
524,7,7
525,0,0
526,3,5
527,7,0
528,0,0
529,0,4
530,6,6
531,9,9
532,3,0
533,1,9
534,5,5
535,6,6
536,6,6
537,6,6
538,6,2
539,0,9
540,9,0
541,9,1
542,7,7
543,6,6
544,7,7
545,5,5
546,4,9
547,1,1
548,6,6
549,2,2
550,5,5
551,3,5
552,5,5
553,8,8
554,3,5
555,1,9
556,4,4
557,6,6
558,4,4
559,3,3
560,2,2
561,0,0
562,7,7
563,6,6
564,3,2
565,4,2
566,5,3
567,9,9
568,4,7
569,9,9
570,2,2
571,6,6
572,7,7
573,1,1
574,3,3
575,6,6
576,6,6
577,8,8
578,8,9
579,7,7
580,6,5
581,4,4
582,0,0
583,0,8
584,2,4
585,0,0
586,8,9
587,2,3
588,4,4
589,8,8
590,9,9
591,6,6
592,1,9
593,2,2
594,6,6
595,1,1
596,4,4
597,7,7
598,5,3
599,3,5
600,6,3
601,9,8
602,5,5
603,0,0
604,3,2
605,1,1
606,6,6
607,4,4
608,5,3
609,3,3
610,9,9
611,6,6
612,1,9
613,8,8
614,8,8
615,5,5
616,8,8
617,6,6
618,6,6
619,2,2
620,1,1
621,7,7
622,1,7
623,1,1
624,4,2
625,7,7
626,9,9
627,9,9
628,4,4
629,7,4
630,1,1
631,8,2
632,5,5
633,6,6
634,3,8
635,7,7
636,6,6
637,9,8
638,4,3
639,9,0
640,7,5
641,5,5
642,6,3
643,8,0
644,7,7
645,9,9
646,0,1
647,4,3
648,4,4
649,4,4
650,7,5
651,3,3
652,9,9
653,3,5
654,6,6
655,3,9
656,4,2
657,1,1
658,1,1
659,4,4
660,9,1
661,9,9
662,7,4
663,7,7
664,6,6
665,3,3
666,8,8
667,1,9
668,0,0
669,9,1
670,5,3
671,6,6
672,5,3
673,7,6
674,3,3
675,4,2
676,0,0
677,4,3
678,9,1
679,7,0
680,5,5
681,9,9
682,6,6
683,8,4
684,1,8
685,9,9
686,2,6
687,9,9
688,7,6
689,6,3
690,6,0
691,4,3
692,2,2
693,0,2
694,7,7
695,8,8
696,3,3
697,8,8
698,2,2
699,7,7
700,5,5
701,1,7
702,2,2
703,6,4
704,8,8
705,7,7
706,4,4
707,2,2
708,3,9
709,9,8
710,8,8
711,2,6
712,8,8
713,8,8
714,7,7
715,4,4
716,3,3
717,3,3
718,4,8
719,4,4
720,9,9
721,7,4
722,8,8
723,8,8
724,1,1
725,8,8
726,8,2
727,1,1
728,4,3
729,6,6
730,3,5
731,6,4
732,0,2
733,7,7
734,9,9
735,9,9
736,4,4
737,8,1
738,8,4
739,1,1
740,5,3
741,5,2
742,7,7
743,8,0
744,7,7
745,3,9
746,7,7
747,6,6
748,6,6
749,7,2
750,5,5
751,9,9
752,0,2
753,9,9
754,1,1
755,2,2
756,4,2
757,6,6
758,8,8
759,7,2
760,1,1
761,7,3
762,2,6
763,6,6
764,0,0
765,9,1
766,2,2
767,2,7
768,9,0
769,5,5
770,4,4
771,4,6
772,9,1
773,6,6
774,6,4
775,0,0
776,2,2
777,3,2
778,6,6
779,0,0
780,6,5
781,9,9
782,1,1
783,7,7
784,6,6
785,7,7
786,8,0
787,3,3
788,9,9
789,7,6
790,8,8
791,0,3
792,0,0
793,5,3
794,7,4
795,7,7
796,7,7
797,6,1
798,3,4
799,5,7
800,4,2
801,7,7
802,1,1
803,2,4
804,7,7
805,4,4
806,4,4
807,8,8
808,4,4
809,0,7
810,8,7
811,3,5
812,5,3
813,7,7
814,2,2
815,1,0
816,8,8
817,9,9
818,3,5
819,8,8
820,6,3
821,6,6
822,7,2
823,0,0
824,8,8
825,7,7
826,6,3
827,7,7
828,6,6
829,6,5
830,4,3
831,1,1
832,9,3
833,2,2
834,5,2
835,4,5
836,4,4
837,9,1
838,2,2
839,9,9
840,2,2
841,7,7
842,0,0
843,7,7
844,2,2
845,1,1
846,2,3
847,6,2
848,0,0
849,0,2
850,4,4
851,7,7
852,1,9
853,8,8
854,1,9
855,8,0
856,5,7
857,4,7
858,8,0
859,7,7
860,8,8
861,7,4
862,4,6
863,6,3
864,3,3
865,0,0
866,1,1
867,6,3
868,7,7
869,0,0
870,1,1
871,7,3
872,1,1
873,4,4
874,2,2
875,3,3
876,8,8
877,4,4
878,5,2
879,4,3
880,7,7
881,8,8
882,4,4
883,6,3
884,0,0
885,9,9
886,0,0
887,8,0
888,8,1
889,0,0
890,4,4
891,4,4
892,6,6
893,3,7
894,3,6
895,9,1
896,1,1
897,3,3
898,7,7
899,3,3
900,7,5
901,5,2
902,6,6
903,6,6
904,5,5
905,9,8
906,3,7
907,8,1
908,6,6
909,8,8
910,8,8
911,4,5
912,3,3
913,2,0
914,5,4
915,0,0
916,9,1
917,7,3
918,8,8
919,8,8
920,0,0
921,6,6
922,9,9
923,9,9
924,9,9
925,9,5
926,3,5
927,8,8
928,9,6
929,0,0
930,8,0
931,4,4
932,3,2
933,5,3
934,3,2
935,7,7
936,5,2
937,2,2
938,7,5
939,1,9
940,8,8
941,9,9
942,9,1
943,7,7
944,4,4
945,0,0
946,5,3
947,0,0
948,9,1
949,4,3
950,1,8
951,5,3
952,9,9
953,6,6
954,1,1
955,4,4
956,7,7
957,8,0
958,6,3
959,4,7
960,8,8
961,9,9
962,8,1
963,1,1
964,6,6
965,6,6
966,6,6
967,3,6
968,9,9
969,1,1
970,8,9
971,1,9
972,4,4
973,7,2
974,1,1
975,0,7
976,0,0
977,6,6
978,8,8
979,1,1
980,1,9
981,6,2
982,1,9
983,5,0
984,4,4
985,7,7
986,8,8
987,3,3
988,1,1
989,5,2
990,0,0
991,1,1
992,5,5
993,8,8
994,5,4
995,6,6
996,5,3
997,9,8
998,1,1
999,3,3
1000,8,8
1001,5,5
1002,0,0
1003,9,8
1004,4,4
1005,0,8
1006,1,1
1007,1,1
1008,8,8
1009,3,9
1010,6,6
1011,0,0
1012,8,8
1013,2,6
1014,1,1
1015,3,3
1016,4,4
1017,1,1
1018,6,6
1019,8,0
1020,0,5
1021,1,1
1022,8,1
1023,0,0
1024,0,0
1025,3,3
1026,7,5
1027,4,0
1028,0,0
1029,6,6
1030,6,6
1031,3,3
1032,8,3
1033,2,6
1034,3,3
1035,5,6
1036,2,6
1037,2,0
1038,9,7
1039,2,2
1040,2,2
1041,5,7
1042,3,5
1043,4,5
1044,4,2
1045,0,8
1046,5,5
1047,2,2
1048,1,1
1049,1,1
1050,1,4
1051,3,3
1052,2,2
1053,0,0
1054,5,3
1055,1,1
1056,5,5
1057,3,3
1058,7,7
1059,3,6
1060,0,8
1061,9,9
1062,1,1
1063,6,6
1064,4,4
1065,5,9
1066,3,3
1067,6,9
1068,0,0
1069,9,9
1070,6,6
1071,3,3
1072,6,6
1073,8,0
1074,7,7
1075,3,3
1076,0,8
1077,0,0
1078,0,0
1079,0,0
1080,3,6
1081,3,6
1082,6,6
1083,9,9
1084,2,2
1085,5,5
1086,4,4
1087,4,4
1088,6,6
1089,5,3
1090,6,6
1091,0,0
1092,8,8
1093,3,6
1094,0,0
1095,6,6
1096,6,2
1097,7,7
1098,5,5
1099,1,1
1100,2,2
1101,4,7
1102,8,8
1103,8,8
1104,0,0
1105,9,9
1106,5,4
1107,9,9
1108,7,7
1109,1,2
1110,0,0
1111,0,2
1112,8,8
1113,6,3
1114,8,8
1115,9,9
1116,1,1
1117,3,5
1118,5,5
1119,4,4
1120,7,7
1121,2,5
1122,3,3
1123,8,8
1124,2,3
1125,2,3
1126,6,6
1127,0,2
1128,8,8
1129,4,4
1130,0,3
1131,9,7
1132,1,1
1133,3,2
1134,8,4
1135,1,1
1136,3,6
1137,1,9
1138,9,0
1139,6,5
1140,2,8
1141,6,6
1142,1,1
1143,8,8
1144,6,6
1145,9,1
1146,4,4
1147,4,2
1148,6,6
1149,6,2
1150,7,7
1151,4,2
1152,2,2
1153,8,0
1154,8,8
1155,6,6
1156,9,9
1157,1,1
1158,7,7
1159,1,1
1160,8,8
1161,8,8
1162,8,0
1163,7,7
1164,5,3
1165,8,8
1166,0,0
1167,3,3
1168,2,4
1169,3,3
1170,7,7
1171,7,7
1172,9,9
1173,2,2
1174,3,3
1175,1,1
1176,9,9
1177,1,1
1178,9,9
1179,2,6
1180,7,3
1181,0,3
1182,6,3
1183,1,1
1184,9,0
1185,6,6
1186,1,1
1187,4,4
1188,1,1
1189,0,0
1190,2,0
1191,9,1
1192,1,1
1193,3,6
1194,5,5
1195,0,4
1196,6,6
1197,9,2
1198,0,0
1199,7,7
1200,0,9
1201,8,8
1202,7,7
1203,5,2
1204,8,0
1205,6,6
1206,8,8
1207,1,1
1208,8,4
1209,9,3
1210,7,7
1211,0,0
1212,6,6
1213,1,1
1214,8,8
1215,5,5
1216,7,7
1217,1,8
1218,4,4
1219,8,8
1220,5,3
1221,9,9
1222,9,9
1223,1,9
1224,0,8
1225,7,7
1226,5,6
1227,3,6
1228,3,3
1229,3,5
1230,1,1
1231,3,5
1232,9,9
1233,1,1
1234,4,4
1235,1,1
1236,5,5
1237,5,7
1238,0,0
1239,1,1
1240,3,5
1241,6,2
1242,9,0
1243,9,8
1244,1,8
1245,5,5
1246,0,6
1247,5,7
1248,0,3
1249,4,2
1250,4,4
1251,7,7
1252,5,2
1253,5,5
1254,8,8
1255,0,2
1256,4,4
1257,8,9
1258,4,2
1259,7,1
1260,8,8
1261,1,1
1262,8,9
1263,8,8
1264,0,8
1265,8,8
1266,1,9
1267,0,0
1268,4,4
1269,4,3
1270,5,3
1271,1,1
1272,8,8
1273,4,4
1274,6,6
1275,3,3
1276,3,3
1277,9,5
1278,3,2
1279,2,2
1280,5,8
1281,5,3
1282,8,8
1283,9,9
1284,5,5
1285,8,8
1286,9,9
1287,8,8
1288,0,9
1289,1,1
1290,6,6
1291,5,5
1292,9,9
1293,9,4
1294,4,4
1295,8,8
1296,0,0
1297,4,7
1298,0,2
1299,9,9
1300,2,7
1301,4,4
1302,1,1
1303,6,6
1304,4,4
1305,4,4
1306,9,9
1307,8,1
1308,2,2
1309,4,5
1310,6,6
1311,0,0
1312,8,8
1313,6,6
1314,1,1
1315,1,9
1316,0,4
1317,5,5
1318,9,9
1319,5,5
1320,0,0
1321,7,7
1322,5,2
1323,8,0
1324,8,0
1325,9,4
1326,4,2
1327,6,6
1328,6,6
1329,5,5
1330,9,5
1331,4,2
1332,8,8
1333,1,1
1334,1,7
1335,5,3
1336,1,1
1337,7,4
1338,5,5
1339,6,6
1340,4,5
1341,1,1
1342,4,4
1343,3,7
1344,8,0
1345,9,9
1346,4,4
1347,4,3
1348,8,8
1349,6,2
1350,8,8
1351,2,4
1352,7,7
1353,2,2
1354,9,3
1355,1,1
1356,9,5
1357,6,2
1358,9,9
1359,8,8
1360,9,9
1361,7,7
1362,9,9
1363,5,5
1364,8,1
1365,4,4
1366,0,0
1367,8,8
1368,2,2
1369,5,3
1370,8,8
1371,9,9
1372,1,1
1373,1,1
1374,3,3
1375,0,2
1376,7,4
1377,1,9
1378,4,3
1379,0,1
1380,9,7
1381,6,4
1382,6,6
1383,0,2
1384,8,8
1385,9,9
1386,5,5
1387,8,3
1388,8,9
1389,3,5
1390,4,5
1391,6,6
1392,2,7
1393,2,2
1394,3,4
1395,5,6
1396,9,3
1397,1,1
1398,0,0
1399,4,7
1400,2,2
1401,3,5
1402,7,4
1403,7,7
1404,6,6
1405,1,1
1406,8,1
1407,9,9
1408,8,8
1409,1,1
1410,2,0
1411,1,1
1412,4,3
1413,1,1
1414,1,1
1415,1,1
1416,5,7
1417,5,3
1418,9,9
1419,6,6
1420,8,8
1421,7,4
1422,6,6
1423,0,8
1424,4,4
1425,8,9
1426,3,4
1427,7,7
1428,1,9
1429,7,7
1430,3,6
1431,8,8
1432,4,4
1433,9,9
1434,7,7
1435,2,0
1436,1,1
1437,6,6
1438,1,1
1439,2,5
1440,1,9
1441,8,0
1442,4,4
1443,6,3
1444,6,4
1445,1,1
1446,7,3
1447,0,0
1448,8,8
1449,4,4
1450,6,6
1451,4,2
1452,2,2
1453,6,6
1454,4,5
1455,0,3
1456,6,6
1457,4,2
1458,1,1
1459,8,1
1460,8,8
1461,6,6
1462,9,0
1463,5,4
1464,1,0
1465,8,1
1466,0,9
1467,5,7
1468,1,1
1469,3,3
1470,7,7
1471,2,7
1472,8,8
1473,9,7
1474,7,7
1475,7,3
1476,9,9
1477,7,7
1478,7,7
1479,7,7
1480,9,2
1481,8,1
1482,3,2
1483,8,8
1484,6,6
1485,4,4
1486,4,0
1487,7,7
1488,9,9
1489,8,8
1490,6,6
1491,8,8
1492,6,4
1493,8,9
1494,1,1
1495,7,7
1496,0,2
1497,4,2
1498,8,8
1499,3,5
1500,8,8
1501,9,1
1502,3,2
1503,2,2
1504,5,4
1505,1,1
1506,1,2
1507,7,5
1508,8,2
1509,8,8
1510,1,1
1511,8,8
1512,1,1
1513,8,8
1514,4,6
1515,0,0
1516,5,2
1517,6,4
1518,9,1
1519,3,3
1520,6,6
1521,4,7
1522,7,7
1523,4,4
1524,4,4
1525,3,3
1526,2,3
1527,4,4
1528,9,5
1529,2,2
1530,6,4
1531,9,3
1532,3,7
1533,8,8
1534,7,4
1535,4,4
1536,4,4
1537,4,5
1538,4,4
1539,8,3
1540,2,2
1541,8,8
1542,6,4
1543,5,5
1544,5,5
1545,4,4
1546,9,1
1547,6,4
1548,0,2
1549,8,5
1550,1,1
1551,6,6
1552,4,4
1553,1,3
1554,4,4
1555,6,4
1556,0,0
1557,8,8
1558,8,8
1559,4,4
1560,5,5
1561,7,7
1562,5,5
1563,6,6
1564,9,9
1565,1,1
1566,6,6
1567,7,7
1568,4,2
1569,9,0
1570,1,1
1571,9,4
1572,5,5
1573,4,6
1574,9,0
1575,7,0
1576,2,2
1577,7,7
1578,6,5
1579,6,6
1580,0,0
1581,7,6
1582,9,2
1583,6,9
1584,9,1
1585,8,7
1586,5,7
1587,5,5
1588,2,2
1589,5,5
1590,6,6
1591,8,4
1592,1,1
1593,5,4
1594,5,3
1595,5,3
1596,3,3
1597,5,0
1598,5,3
1599,5,5
1600,4,5
1601,9,8
1602,9,9
1603,7,7
1604,3,3
1605,1,1
1606,7,3
1607,6,3
1608,9,3
1609,4,4
1610,4,4
1611,4,2
1612,3,3
1613,3,3
1614,9,8
1615,1,1
1616,3,7
1617,7,7
1618,0,0
1619,7,7
1620,2,4
1621,5,5
1622,1,1
1623,3,4
1624,1,2
1625,4,4
1626,3,3
1627,5,9
1628,9,9
1629,2,4
1630,9,9
1631,9,9
1632,1,1
1633,8,8
1634,1,1
1635,6,6
1636,7,7
1637,5,5
1638,5,5
1639,6,4
1640,9,9
1641,5,7
1642,6,6
1643,4,5
1644,9,9
1645,6,2
1646,4,4
1647,0,0
1648,7,7
1649,9,8
1650,9,5
1651,5,5
1652,0,0
1653,0,0
1654,9,9
1655,9,9
1656,8,8
1657,8,2
1658,5,5
1659,4,4
1660,8,8
1661,4,3
1662,6,6
1663,3,3
1664,6,6
1665,2,0
1666,6,6
1667,6,6
1668,6,6
1669,1,9
1670,6,6
1671,6,6
1672,8,8
1673,6,6
1674,2,2
1675,4,4
1676,5,5
1677,0,8
1678,1,1
1679,2,2
1680,7,7
1681,3,6
1682,4,5
1683,7,7
1684,8,8
1685,8,1
1686,4,8
1687,8,0
1688,1,8
1689,9,6
1690,9,9
1691,4,2
1692,8,8
1693,9,9
1694,8,4
1695,0,0
1696,9,9
1697,9,4
1698,9,9
1699,2,5
1700,7,7
1701,5,5
1702,7,5
1703,9,9
1704,5,5
1705,7,3
1706,2,0
1707,1,1
1708,9,9
1709,5,7
1710,6,2
1711,6,4
1712,1,1
1713,0,0
1714,9,8
1715,2,0
1716,5,3
1717,1,1
1718,7,7
1719,6,0
1720,8,0
1721,3,4
1722,9,8
1723,6,6
1724,4,2
1725,2,4
1726,8,0
1727,0,0
1728,1,9
1729,0,0
1730,8,8
1731,8,4
1732,6,5
1733,9,9
1734,3,3
1735,9,9
1736,0,0
1737,6,5
1738,7,6
1739,5,5
1740,9,0
1741,1,1
1742,5,4
1743,8,8
1744,1,1
1745,9,0
1746,7,5
1747,2,2
1748,1,1
1749,0,0
1750,2,2
1751,8,8
1752,1,1
1753,5,5
1754,6,6
1755,7,7
1756,7,7
1757,0,2
1758,6,6
1759,4,2
1760,3,5
1761,2,0
1762,1,1
1763,4,4
1764,4,2
1765,5,5
1766,3,4
1767,6,6
1768,2,2
1769,0,2
1770,0,1
1771,7,7
1772,4,2
1773,8,8
1774,5,5
1775,6,5
1776,6,3
1777,0,0
1778,7,4
1779,8,8
1780,5,3
1781,0,7
1782,6,6
1783,5,3
1784,8,8
1785,1,1
1786,0,0
1787,9,1
1788,5,3
1789,6,3
1790,0,0
1791,7,7
1792,6,4
1793,9,9
1794,5,5
1795,5,3
1796,6,6
1797,8,0
1798,1,1
1799,6,4
1800,4,4
1801,4,4
1802,4,4
1803,2,2
1804,3,2
1805,1,5
1806,8,8
1807,1,1
1808,3,5
1809,9,9
1810,8,8
1811,8,1
1812,1,1
1813,7,5
1814,6,3
1815,9,9
1816,1,9
1817,7,7
1818,4,6
1819,3,5
1820,8,0
1821,1,8
1822,4,4
1823,7,7
1824,3,0
1825,9,9
1826,2,2
1827,9,8
1828,4,4
1829,7,7
1830,9,1
1831,5,3
1832,9,9
1833,6,6
1834,8,8
1835,1,9
1836,4,0
1837,4,4
1838,6,9
1839,0,6
1840,7,7
1841,8,8
1842,9,9
1843,4,4
1844,8,8
1845,9,9
1846,7,7
1847,2,2
1848,5,5
1849,3,3
1850,7,7
1851,0,1
1852,0,0
1853,2,2
1854,9,9
1855,3,5
1856,5,5
1857,8,8
1858,5,5
1859,4,4
1860,3,2
1861,1,8
1862,3,3
1863,5,5
1864,4,5
1865,7,7
1866,7,7
1867,8,8
1868,6,6
1869,7,2
1870,8,8
1871,2,2
1872,3,3
1873,8,5
1874,4,6
1875,8,8
1876,0,0
1877,1,2
1878,3,3
1879,9,7
1880,9,0
1881,1,1
1882,9,9
1883,8,1
1884,4,3
1885,2,7
1886,2,5
1887,2,8
1888,5,3
1889,8,2
1890,9,9
1891,6,6
1892,8,8
1893,6,6
1894,9,9
1895,3,3
1896,0,8
1897,9,9
1898,8,8
1899,6,0
1900,7,7
1901,8,8
1902,2,5
1903,5,0
1904,1,0
1905,1,1
1906,0,3
1907,6,9
1908,9,1
1909,3,5
1910,2,3
1911,4,4
1912,6,4
1913,0,0
1914,1,9
1915,9,9
1916,9,9
1917,8,9
1918,8,8
1919,2,2
1920,4,4
1921,2,2
1922,0,2
1923,5,5
1924,1,1
1925,6,9
1926,1,1
1927,8,0
1928,1,9
1929,4,4
1930,6,2
1931,1,1
1932,6,6
1933,4,0
1934,5,3
1935,4,7
1936,2,6
1937,9,3
1938,9,1
1939,0,8
1940,9,6
1941,2,5
1942,7,7
1943,2,2
1944,9,8
1945,4,4
1946,7,4
1947,8,8
1948,1,3
1949,2,5
1950,0,0
1951,5,5
1952,7,7
1953,7,4
1954,0,4
1955,0,2
1956,7,2
1957,7,7
1958,7,3
1959,1,6
1960,0,0
1961,5,2
1962,7,7
1963,6,6
1964,0,2
1965,5,3
1966,0,0
1967,7,7
1968,7,7
1969,8,8
1970,9,1
1971,1,1
1972,3,4
1973,2,6
1974,0,0
1975,6,6
1976,6,6
1977,5,5
1978,3,5
1979,6,6
1980,6,3
1981,9,9
1982,3,3
1983,6,6
1984,7,8
1985,7,7
1986,2,6
1987,4,4
1988,8,9
1989,5,5
1990,6,6
1991,7,4
1992,1,1
1993,6,6
1994,4,3
1995,8,8
1996,2,2
1997,3,3
1998,9,9
1999,2,8
2000,5,5
2001,6,1
2002,3,5
2003,9,4
2004,3,5
2005,7,7
2006,5,5
2007,7,7
2008,8,8
2009,9,9
2010,9,1
2011,0,7
2012,5,2
2013,5,5
2014,6,6
2015,8,8
2016,7,4
2017,6,6
2018,6,5
2019,6,3
2020,9,9
2021,9,9
2022,8,8
2023,5,5
2024,5,5
2025,6,6
2026,4,4
2027,3,5
2028,1,9
2029,7,7
2030,6,3
2031,4,4
2032,1,1
2033,4,4
2034,4,2
2035,4,3
2036,6,6
2037,3,5
2038,4,5
2039,0,2
2040,8,8
2041,0,0
2042,8,0
2043,1,1
2044,0,8
2045,5,3
2046,1,1
2047,3,3
2048,5,5
2049,0,8
2050,3,3
2051,8,8
2052,3,5
2053,8,8
2054,6,6
2055,5,3
2056,3,5
2057,5,5
2058,5,5
2059,0,0
2060,8,9
2061,2,5
2062,3,5
2063,7,7
2064,1,1
2065,8,8
2066,6,2
2067,7,2
2068,4,7
2069,3,3
2070,7,4
2071,2,2
2072,8,9
2073,6,6
2074,2,2
2075,2,2
2076,7,4
2077,3,3
2078,0,0
2079,6,2
2080,2,0
2081,1,1
2082,3,3
2083,0,2
2084,8,2
2085,7,7
2086,0,0
2087,8,1
2088,0,0
2089,7,7
2090,5,7
2091,4,2
2092,8,0
2093,1,1
2094,6,6
2095,7,5
2096,0,0
2097,9,2
2098,4,2
2099,0,0
2100,1,1
2101,6,2
2102,6,6
2103,0,0
2104,1,1
2105,6,6
2106,6,6
2107,7,5
2108,3,3
2109,3,4
2110,0,0
2111,0,0
2112,9,9
2113,1,1
2114,0,0
2115,2,2
2116,1,5
2117,9,9
2118,7,7
2119,8,8
2120,6,6
2121,8,4
2122,0,6
2123,0,0
2124,6,2
2125,0,0
2126,1,1
2127,9,9
2128,4,2
2129,6,4
2130,4,9
2131,0,0
2132,7,7
2133,2,2
2134,3,3
2135,4,4
2136,8,8
2137,9,0
2138,5,2
2139,6,6
2140,8,8
2141,9,9
2142,7,7
2143,9,1
2144,9,9
2145,3,3
2146,4,7
2147,2,2
2148,7,7
2149,9,9
2150,6,6
2151,9,9
2152,1,5
2153,7,7
2154,8,8
2155,7,5
2156,9,9
2157,8,8
2158,5,3
2159,9,9
2160,7,8
2161,8,0
2162,4,5
2163,5,5
2164,7,7
2165,1,1
2166,0,2
2167,2,0
2168,7,7
2169,3,5
2170,8,8
2171,2,2
2172,2,2
2173,9,5
2174,3,3
2175,9,9
2176,4,3
2177,1,1
2178,9,9
2179,3,3
2180,8,1
2181,4,4
2182,1,3
2183,4,4
2184,4,4
2185,9,9
2186,0,0
2187,3,9
2188,6,5
2189,9,9
2190,2,2
2191,1,9
2192,3,4
2193,6,0
2194,0,2
2195,8,8
2196,5,4
2197,8,8
2198,6,6
2199,1,8
2200,6,2
2201,0,0
2202,5,5
2203,9,9
2204,6,6
2205,9,9
2206,9,5
2207,1,1
2208,3,3
2209,4,4
2210,4,4
2211,8,2
2212,7,7
2213,2,2
2214,6,4
2215,4,4
2216,7,0
2217,5,2
2218,8,8
2219,4,4
2220,5,5
2221,1,1
2222,2,2
2223,4,6
2224,8,8
2225,9,1
2226,7,7
2227,6,2
2228,8,8
2229,6,7
2230,4,4
2231,3,3
2232,3,3
2233,3,0
2234,2,3
2235,7,7
2236,5,2
2237,7,5
2238,6,6
2239,1,1
2240,7,7
2241,9,9
2242,0,0
2243,6,2
2244,3,3
2245,9,9
2246,8,8
2247,4,9
2248,5,5
2249,0,0
2250,0,0
2251,4,7
2252,5,6
2253,3,3
2254,5,3
2255,8,8
2256,1,1
2257,4,4
2258,3,0
2259,1,1
2260,5,5
2261,4,4
2262,6,3
2263,4,2
2264,6,6
2265,2,0
2266,8,8
2267,8,8
2268,3,6
2269,3,3
2270,3,3
2271,4,2
2272,8,9
2273,7,7
2274,3,5
2275,1,1
2276,4,6
2277,1,0
2278,5,5
2279,9,9
2280,9,9
2281,2,4
2282,5,5
2283,9,9
2284,4,4
2285,8,8
2286,5,3
2287,5,3
2288,2,2
2289,4,5
2290,1,1
2291,9,9
2292,5,5
2293,5,5
2294,1,8
2295,1,1
2296,8,8
2297,9,9
2298,7,7
2299,0,0
2300,6,6
2301,1,3
2302,3,2
2303,0,0
2304,4,2
2305,6,6
2306,1,9
2307,3,3
2308,7,9
2309,1,1
2310,3,6
2311,6,6
2312,4,7
2313,2,2
2314,4,6
2315,5,3
2316,2,2
2317,2,5
2318,5,5
2319,2,2
2320,7,7
2321,2,5
2322,3,2
2323,0,0
2324,1,8
2325,0,0
2326,4,7
2327,7,7
2328,0,1
2329,7,7
2330,4,4
2331,0,0
2332,7,2
2333,2,2
2334,6,6
2335,1,1
2336,2,5
2337,9,9
2338,7,7
2339,3,6
2340,4,2
2341,7,7
2342,0,0
2343,3,5
2344,1,6
2345,0,0
2346,1,1
2347,9,1
2348,8,8
2349,3,4
2350,8,5
2351,5,3
2352,9,1
2353,4,2
2354,4,4
2355,9,8
2356,1,9
2357,8,8
2358,1,1
2359,7,7
2360,2,2
2361,5,7
2362,2,2
2363,2,3
2364,4,2
2365,4,6
2366,7,7
2367,1,9
2368,4,4
2369,0,0
2370,1,1
2371,0,0
2372,8,4
2373,5,5
2374,0,0
2375,8,8
2376,0,0
2377,9,7
2378,6,6
2379,1,1
2380,0,0
2381,8,8
2382,5,5
2383,9,9
2384,0,2
2385,5,5
2386,3,4
2387,4,4
2388,9,9
2389,8,0
2390,6,6
2391,1,1
2392,2,2
2393,5,5
2394,1,1
2395,6,6
2396,7,7
2397,3,1
2398,5,5
2399,8,8
2400,8,8
2401,0,0
2402,8,3
2403,9,9
2404,2,4
2405,7,0
2406,6,3
2407,4,4
2408,9,9
2409,2,2
2410,4,4
2411,3,3
2412,4,0
2413,3,6
2414,6,4
2415,5,5
2416,6,6
2417,4,6
2418,7,7
2419,8,8
2420,3,4
2421,7,8
2422,8,8
2423,5,3
2424,2,2
2425,8,8
2426,9,0
2427,2,2
2428,5,5
2429,6,6
2430,8,8
2431,4,7
2432,8,8
2433,9,9
2434,9,9
2435,0,0
2436,4,6
2437,6,6
2438,9,8
2439,1,1
2440,1,1
2441,3,7
2442,3,4
2443,6,4
2444,5,2
2445,3,3
2446,6,6
2447,9,9
2448,4,6
2449,6,2
2450,5,4
2451,1,1
2452,8,8
2453,6,2
2454,4,3
2455,1,1
2456,6,6
2457,0,8
2458,6,6
2459,8,8
2460,5,5
2461,9,9
2462,0,0
2463,1,1
2464,4,0
2465,6,2
2466,9,9
2467,2,2
2468,9,9
2469,0,0
2470,9,9
2471,7,7
2472,4,8
2473,7,5
2474,7,0
2475,6,6
2476,6,6
2477,8,8
2478,1,1
2479,1,6
2480,4,5
2481,8,8
2482,4,7
2483,9,9
2484,2,2
2485,1,1
2486,6,6
2487,4,7
2488,5,5
2489,6,6
2490,7,3
2491,0,0
2492,0,9
2493,8,8
2494,1,9
2495,7,5
2496,8,9
2497,9,9
2498,0,9
2499,3,3
2500,2,6
2501,4,4
2502,4,4
2503,8,8
2504,8,8
2505,1,1
2506,9,7
2507,2,3
2508,4,0
2509,4,6
2510,0,2
2511,6,4
2512,1,8
2513,6,2
2514,2,2
2515,9,9
2516,4,2
2517,3,2
2518,9,9
2519,7,7
2520,3,4
2521,1,1
2522,5,9
2523,0,1
2524,4,4
2525,3,3
2526,0,5
2527,5,3
2528,8,8
2529,1,9
2530,3,3
2531,6,6
2532,5,2
2533,1,0
2534,4,8
2535,8,9
2536,4,0
2537,5,5
2538,1,1
2539,2,5
2540,9,8
2541,6,2
2542,1,1
2543,8,2
2544,3,3
2545,2,2
2546,4,4
2547,8,8
2548,6,4
2549,0,0
2550,6,6
2551,2,4
2552,5,2
2553,9,9
2554,8,8
2555,4,4
2556,7,7
2557,6,6
2558,2,2
2559,4,4
2560,7,7
2561,7,7
2562,6,6
2563,4,4
2564,0,2
2565,2,2
2566,3,3
2567,2,2
2568,3,4
2569,9,9
2570,0,0
2571,3,0
2572,9,9
2573,6,6
2574,3,5
2575,8,8
2576,4,5
2577,6,2
2578,4,4
2579,8,8
2580,8,8
2581,2,6
2582,2,4
2583,5,5
2584,7,7
2585,6,6
2586,5,3
2587,2,7
2588,9,0
2589,4,4
2590,0,0
2591,4,5
2592,8,8
2593,7,2
2594,8,8
2595,9,0
2596,4,4
2597,1,9
2598,5,2
2599,6,3
2600,6,6
2601,8,8
2602,1,1
2603,6,6
2604,0,0
2605,8,8
2606,7,4
2607,2,3
2608,1,1
2609,4,4
2610,3,5
2611,2,2
2612,6,4
2613,1,3
2614,6,6
2615,0,0
2616,7,7
2617,1,1
2618,5,3
2619,5,5
2620,3,7
2621,1,1
2622,8,8
2623,0,0
2624,4,4
2625,0,8
2626,2,2
2627,7,7
2628,7,7
2629,8,0
2630,6,2
2631,6,2
2632,4,4
2633,5,3
2634,3,3
2635,1,1
2636,6,6
2637,1,1
2638,4,6
2639,4,4
2640,6,6
2641,7,7
2642,4,4
2643,6,7
2644,4,3
2645,1,8
2646,1,1
2647,5,3
2648,1,1
2649,3,4
2650,6,6
2651,2,5
2652,0,5
2653,7,7
2654,0,4
2655,6,5
2656,4,4
2657,9,9
2658,9,7
2659,7,7
2660,2,2
2661,5,3
2662,5,3
2663,6,6
2664,7,7
2665,4,4
2666,1,1
2667,6,6
2668,1,1
2669,0,0
2670,6,6
2671,9,9
2672,1,6
2673,1,0
2674,2,2
2675,0,0
2676,4,2
2677,4,4
2678,7,7
2679,0,0
2680,3,0
2681,0,0
2682,3,0
2683,7,7
2684,5,5
2685,4,3
2686,2,2
2687,7,7
2688,8,8
2689,3,5
2690,5,5
2691,8,2
2692,2,2
2693,8,8
2694,9,9
2695,1,1
2696,4,2
2697,4,2
2698,8,0
2699,5,3
2700,4,4
2701,9,9
2702,1,1
2703,6,6
2704,0,9
2705,8,0
2706,8,8
2707,5,3
2708,6,6
2709,3,4
2710,5,6
2711,7,7
2712,5,5
2713,1,1
2714,8,8
2715,9,9
2716,0,0
2717,3,5
2718,4,0
2719,9,5
2720,5,4
2721,3,3
2722,4,8
2723,6,5
2724,2,2
2725,8,0
2726,8,8
2727,3,5
2728,9,9
2729,5,2
2730,4,5
2731,6,6
2732,2,5
2733,7,7
2734,3,3
2735,7,7
2736,6,2
2737,8,8
2738,0,8
2739,4,4
2740,2,2
2741,7,1
2742,6,6
2743,2,2
2744,9,9
2745,9,9
2746,8,8
2747,1,2
2748,1,3
2749,1,1
2750,1,0
2751,5,5
2752,4,2
2753,3,3
2754,9,7
2755,1,9
2756,7,5
2757,5,9
2758,9,1
2759,9,1
2760,3,3
2761,2,2
2762,7,7
2763,2,4
2764,4,4
2765,1,1
2766,9,9
2767,4,4
2768,7,5
2769,5,5
2770,9,2
2771,7,7
2772,4,7
2773,6,6
2774,1,1
2775,2,2
2776,4,3
2777,7,7
2778,5,5
2779,4,4
2780,1,3
2781,7,7
2782,7,7
2783,3,0
2784,0,0
2785,1,1
2786,2,4
2787,7,4
2788,3,3
2789,3,7
2790,9,9
2791,8,8
2792,7,7
2793,0,0
2794,9,9
2795,3,0
2796,3,3
2797,7,7
2798,4,6
2799,5,3
2800,9,8
2801,4,4
2802,2,5
2803,6,6
2804,5,5
2805,4,3
2806,4,4
2807,7,2
2808,2,9
2809,3,2
2810,4,4
2811,9,9
2812,2,2
2813,0,0
2814,1,1
2815,7,1
2816,3,3
2817,4,7
2818,9,9
2819,6,5
2820,1,1
2821,6,6
2822,7,0
2823,7,3
2824,4,3
2825,7,7
2826,6,2
2827,4,4
2828,5,5
2829,2,2
2830,6,3
2831,6,6
2832,1,3
2833,3,3
2834,0,0
2835,4,4
2836,1,4
2837,2,3
2838,8,8
2839,1,1
2840,4,2
2841,2,3
2842,2,2
2843,7,7
2844,9,1
2845,3,4
2846,2,5
2847,6,6
2848,0,8
2849,6,6
2850,6,6
2851,5,5
2852,2,4
2853,7,2
2854,9,9
2855,7,9
2856,5,3
2857,3,2
2858,0,0
2859,4,4
2860,9,1
2861,5,5
2862,5,5
2863,6,6
2864,6,6
2865,5,5
2866,6,6
2867,6,9
2868,4,7
2869,0,9
2870,4,4
2871,8,8
2872,3,3
2873,1,1
2874,9,9
2875,8,8
2876,1,1
2877,8,9
2878,0,0
2879,3,3
2880,0,0
2881,4,4
2882,0,7
2883,7,7
2884,2,2
2885,4,6
2886,5,5
2887,6,6
2888,1,9
2889,5,7
2890,5,7
2891,3,5
2892,7,7
2893,7,0
2894,8,8
2895,6,6
2896,2,7
2897,8,8
2898,3,3
2899,9,8
2900,9,9
2901,7,3
2902,4,2
2903,1,9
2904,7,2
2905,7,7
2906,4,4
2907,1,1
2908,1,9
2909,2,7
2910,8,0
2911,1,8
2912,1,1
2913,6,2
2914,0,0
2915,6,6
2916,5,5
2917,1,1
2918,4,4
2919,2,2
2920,8,8
2921,2,2
2922,8,8
2923,3,3
2924,5,3
2925,1,1
2926,4,4
2927,9,9
2928,8,8
2929,1,1
2930,1,1
2931,5,7
2932,9,9
2933,9,9
2934,4,4
2935,6,6
2936,4,8
2937,5,5
2938,5,3
2939,2,2
2940,6,2
2941,0,3
2942,8,8
2943,5,5
2944,1,1
2945,9,9
2946,7,7
2947,9,9
2948,1,1
2949,3,5
2950,3,3
2951,9,1
2952,0,0
2953,3,3
2954,8,8
2955,1,9
2956,5,2
2957,8,0
2958,5,8
2959,8,0
2960,4,7
2961,0,9
2962,4,4
2963,8,8
2964,3,3
2965,8,0
2966,7,7
2967,1,0
2968,7,7
2969,0,0
2970,8,5
2971,5,5
2972,4,4
2973,3,3
2974,0,0
2975,3,9
2976,1,9
2977,4,0
2978,3,2
2979,5,2
2980,0,0
2981,8,8
2982,4,4
2983,4,4
2984,6,5
2985,4,2
2986,8,2
2987,8,1
2988,1,1
2989,5,5
2990,6,5
2991,4,4
2992,3,3
2993,0,4
2994,8,0
2995,8,8
2996,4,4
2997,2,8
2998,5,2
2999,5,5
3000,4,6
3001,5,5
3002,1,1
3003,7,7
3004,6,2
3005,4,4
3006,8,0
3007,5,5
3008,6,6
3009,8,8
3010,7,7
3011,6,6
3012,3,3
3013,1,1
3014,5,3
3015,5,6
3016,6,6
3017,4,4
3018,2,5
3019,5,5
3020,4,5
3021,1,1
3022,8,8
3023,7,7
3024,3,3
3025,0,0
3026,6,2
3027,7,5
3028,1,1
3029,1,1
3030,1,1
3031,6,6
3032,4,7
3033,1,2
3034,9,1
3035,2,2
3036,3,3
3037,8,9
3038,8,8
3039,3,3
3040,1,1
3041,7,7
3042,7,4
3043,9,8
3044,1,4
3045,4,7
3046,5,5
3047,8,8
3048,5,6
3049,0,0
3050,3,3
3051,2,0
3052,8,8
3053,2,3
3054,4,4
3055,4,4
3056,9,9
3057,4,4
3058,6,6
3059,1,1
3060,2,5
3061,7,7
3062,1,7
3063,9,9
3064,2,0
3065,1,1
3066,4,3
3067,1,1
3068,7,3
3069,0,2
3070,3,4
3071,0,0
3072,7,7
3073,1,8
3074,5,3
3075,1,1
3076,1,6
3077,6,2
3078,1,1
3079,8,8
3080,8,8
3081,1,1
3082,9,9
3083,1,7
3084,5,5
3085,5,3
3086,2,2
3087,9,9
3088,8,0
3089,6,6
3090,8,8
3091,4,4
3092,9,1
3093,7,5
3094,7,7
3095,0,2
3096,5,4
3097,7,7
3098,7,0
3099,4,4
3100,9,9
3101,0,0
3102,7,7
3103,4,0
3104,6,6
3105,7,7
3106,0,1
3107,8,8
3108,3,5
3109,8,8
3110,8,8
3111,5,7
3112,0,0
3113,8,0
3114,3,3
3115,2,2
3116,3,5
3117,7,7
3118,1,0
3119,6,6
3120,4,4
3121,2,4
3122,1,9
3123,1,1
3124,8,8
3125,6,6
3126,3,3
3127,9,9
3128,0,4
3129,9,9
3130,5,3
3131,3,3
3132,7,7
3133,5,5
3134,9,9
3135,7,7
3136,3,7
3137,7,4
3138,5,5
3139,8,8
3140,0,2
3141,9,8
3142,9,9
3143,7,5
3144,3,3
3145,1,1
3146,9,9
3147,3,2
3148,2,2
3149,8,0
3150,1,1
3151,1,1
3152,8,8
3153,1,1
3154,1,1
3155,9,9
3156,8,8
3157,9,9
3158,9,9
3159,8,0
3160,4,2
3161,2,6
3162,0,9
3163,1,1
3164,3,9
3165,2,0
3166,1,1
3167,9,9
3168,2,2
3169,8,9
3170,9,9
3171,9,9
3172,1,0
3173,9,9
3174,9,9
3175,9,2
3176,1,1
3177,7,7
3178,0,0
3179,4,5
3180,6,6
3181,6,3
3182,9,9
3183,8,8
3184,3,3
3185,0,0
3186,6,2
3187,9,7
3188,7,7
3189,5,4
3190,8,8
3191,3,3
3192,1,0
3193,4,5
3194,4,2
3195,3,3
3196,7,5
3197,7,7
3198,6,6
3199,6,6
3200,6,6
3201,7,5
3202,3,6
3203,3,5
3204,4,4
3205,3,5
3206,8,8
3207,0,8
3208,7,0
3209,9,9
3210,2,7
3211,3,9
3212,9,0
3213,6,6
3214,9,9
3215,3,6
3216,1,1
3217,2,4
3218,7,7
3219,1,9
3220,6,0
3221,1,3
3222,5,5
3223,4,4
3224,7,7
3225,6,6
3226,9,9
3227,0,8
3228,2,2
3229,3,3
3230,1,9
3231,5,3
3232,3,3
3233,7,7
3234,8,8
3235,3,3
3236,5,5
3237,3,5
3238,9,9
3239,6,6
3240,1,1
3241,6,4
3242,7,7
3243,4,4
3244,8,8
3245,4,7
3246,7,7
3247,1,1
3248,5,3
3249,0,0
3250,3,3
3251,6,2
3252,5,5
3253,4,4
3254,9,9
3255,5,3
3256,5,5
3257,4,4
3258,1,7
3259,1,0
3260,3,3
3261,9,7
3262,0,0
3263,3,2
3264,1,1
3265,1,5
3266,8,8
3267,7,7
3268,3,3
3269,5,5
3270,7,7
3271,8,8
3272,3,5
3273,7,7
3274,8,8
3275,9,1
3276,7,5
3277,7,4
3278,7,7
3279,8,0
3280,9,8
3281,5,3
3282,2,2
3283,9,9
3284,2,7
3285,5,4
3286,1,1
3287,6,6
3288,5,5
3289,9,9
3290,8,8
3291,5,5
3292,5,5
3293,4,4
3294,1,1
3295,0,0
3296,9,9
3297,4,4
3298,7,4
3299,3,3
3300,4,0
3301,4,4
3302,2,8
3303,0,0
3304,8,8
3305,7,2
3306,9,9
3307,4,5
3308,9,9
3309,7,7
3310,4,4
3311,6,6
3312,2,7
3313,9,9
3314,2,2
3315,1,9
3316,3,3
3317,7,7
3318,7,7
3319,8,8
3320,2,2
3321,4,2
3322,2,0
3323,5,2
3324,8,5
3325,6,3
3326,6,6
3327,4,4
3328,7,7
3329,2,2
3330,3,3
3331,5,7
3332,8,8
3333,7,7
3334,2,2
3335,3,5
3336,0,0
3337,8,0
3338,7,7
3339,0,0
3340,5,9
3341,6,6
3342,1,1
3343,1,0
3344,7,3
3345,1,9
3346,7,7
3347,9,4
3348,9,9
3349,1,1
3350,2,6
3351,8,8
3352,1,1
3353,0,2
3354,3,3
3355,8,3
3356,6,5
3357,4,4
3358,3,8
3359,9,9
3360,3,7
3361,6,4
3362,4,4
3363,1,1
3364,1,2
3365,4,4
3366,9,9
3367,8,8
3368,7,7
3369,4,9
3370,5,5
3371,1,1
3372,5,2
3373,1,1
3374,4,6
3375,6,6
3376,6,4
3377,3,5
3378,9,7
3379,4,4
3380,4,5
3381,9,8
3382,6,5
3383,4,2
3384,8,8
3385,5,7
3386,8,8
3387,2,2
3388,6,3
3389,6,6
3390,1,1
3391,5,3
3392,7,3
3393,1,1
3394,3,5
3395,1,1
3396,9,9
3397,0,0
3398,9,9
3399,0,2
3400,0,0
3401,4,6
3402,4,2
3403,6,4
3404,0,8
3405,5,5
3406,7,7
3407,6,6
3408,1,1
3409,4,2
3410,1,9
3411,4,4
3412,3,5
3413,2,0
3414,5,3
3415,2,3
3416,5,7
3417,4,7
3418,4,7
3419,1,1
3420,3,4
3421,3,5
3422,7,0
3423,5,2
3424,8,8
3425,5,5
3426,0,0
3427,0,0
3428,3,6
3429,3,2
3430,0,0
3431,8,8
3432,4,4
3433,5,5
3434,7,4
3435,5,5
3436,6,6
3437,0,4
3438,7,7
3439,9,9
3440,3,4
3441,5,2
3442,0,0
3443,6,6
3444,2,4
3445,2,0
3446,0,0
3447,5,6
3448,4,4
3449,5,6
3450,8,1
3451,1,9
3452,5,5
3453,3,5
3454,4,2
3455,2,2
3456,6,6
3457,5,3
3458,4,4
3459,5,5
3460,9,9
3461,1,1
3462,7,7
3463,2,2
3464,1,3
3465,9,9
3466,6,6
3467,5,5
3468,0,0
3469,2,2
3470,1,9
3471,5,7
3472,1,1
3473,1,7
3474,2,2
3475,2,2
3476,3,0
3477,0,8
3478,6,6
3479,4,4
3480,5,3
3481,2,2
3482,7,7
3483,7,7
3484,0,0
3485,4,4
3486,1,1
3487,6,6
3488,5,5
3489,1,1
3490,3,3
3491,8,0
3492,5,3
3493,9,9
3494,0,0
3495,5,0
3496,5,2
3497,6,5
3498,0,0
3499,8,4
3500,0,0
3501,1,1
3502,9,9
3503,8,8
3504,4,4
3505,9,9
3506,4,4
3507,2,2
3508,4,4
3509,5,3
3510,4,3
3511,3,4
3512,0,0
3513,4,4
3514,3,3
3515,7,2
3516,8,8
3517,1,9
3518,1,1
3519,5,5
3520,2,8
3521,1,1
3522,8,8
3523,2,2
3524,6,4
3525,7,5
3526,6,2
3527,4,4
3528,1,1
3529,1,1
3530,6,6
3531,6,6
3532,6,8
3533,8,5
3534,2,2
3535,3,2
3536,5,5
3537,0,0
3538,8,8
3539,2,2
3540,3,3
3541,6,6
3542,2,2
3543,9,9
3544,6,6
3545,1,1
3546,4,4
3547,5,5
3548,9,9
3549,0,0
3550,9,1
3551,9,0
3552,0,0
3553,8,8
3554,8,1
3555,9,1
3556,3,6
3557,6,6
3558,6,9
3559,5,5
3560,6,4
3561,1,1
3562,5,7
3563,8,8
3564,6,6
3565,4,9
3566,1,1
3567,7,7
3568,6,6
3569,0,0
3570,6,9
3571,5,3
3572,6,5
3573,6,3
3574,2,2
3575,4,5
3576,3,3
3577,4,4
3578,1,9
3579,7,7
3580,8,1
3581,4,4
3582,6,4
3583,6,6
3584,1,1
3585,3,3
3586,8,8
3587,8,8
3588,0,0
3589,6,6
3590,7,7
3591,7,7
3592,6,6
3593,7,7
3594,5,2
3595,3,3
3596,2,2
3597,4,2
3598,6,6
3599,2,2
3600,7,7
3601,5,4
3602,5,0
3603,3,3
3604,6,6
3605,2,2
3606,4,6
3607,9,3
3608,2,3
3609,9,0
3610,9,9
3611,3,5
3612,9,1
3613,1,1
3614,5,5
3615,5,3
3616,2,6
3617,4,4
3618,5,3
3619,2,4
3620,1,1
3621,7,0
3622,2,4
3623,3,5
3624,5,5
3625,4,2
3626,8,8
3627,9,9
3628,3,4
3629,3,3
3630,9,1
3631,8,8
3632,7,0
3633,1,1
3634,3,3
3635,2,3
3636,4,4
3637,4,4
3638,6,2
3639,1,9
3640,7,7
3641,2,6
3642,8,8
3643,1,1
3644,9,8
3645,9,9
3646,9,1
3647,3,3
3648,9,1
3649,7,7
3650,3,3
3651,0,0
3652,1,0
3653,2,2
3654,9,8
3655,5,3
3656,9,9
3657,1,2
3658,7,7
3659,4,2
3660,6,6
3661,0,0
3662,1,1
3663,7,6
3664,1,1
3665,6,6
3666,4,7
3667,3,5
3668,5,5
3669,6,2
3670,6,5
3671,9,9
3672,4,4
3673,8,0
3674,7,2
3675,3,3
3676,7,4
3677,1,9
3678,3,4
3679,1,1
3680,8,0
3681,1,0
3682,2,2
3683,3,3
3684,0,8
3685,1,9
3686,2,2
3687,8,8
3688,9,9
3689,7,5
3690,7,7
3691,1,9
3692,1,1
3693,4,4
3694,8,6
3695,4,2
3696,8,8
3697,2,4
3698,5,4
3699,8,8
3700,9,9
3701,5,3
3702,1,1
3703,1,1
3704,6,6
3705,4,5
3706,8,8
3707,4,4
3708,6,6
3709,6,4
3710,5,5
3711,4,2
3712,6,6
3713,1,4
3714,2,2
3715,4,3
3716,4,1
3717,6,3
3718,6,6
3719,8,8
3720,5,5
3721,2,2
3722,2,2
3723,7,7
3724,9,1
3725,6,6
3726,2,2
3727,6,5
3728,9,9
3729,3,2
3730,8,8
3731,1,1
3732,6,6
3733,1,9
3734,8,2
3735,5,7
3736,3,5
3737,5,3
3738,2,2
3739,9,9
3740,7,7
3741,0,0
3742,2,2
3743,9,9
3744,5,3
3745,4,4
3746,1,1
3747,6,7
3748,9,9
3749,5,5
3750,8,8
3751,0,9
3752,7,7
3753,7,3
3754,3,4
3755,0,0
3756,2,9
3757,1,7
3758,9,4
3759,5,2
3760,4,4
3761,7,7
3762,8,0
3763,8,1
3764,8,8
3765,1,1
3766,0,0
3767,9,4
3768,6,6
3769,1,1
3770,9,9
3771,9,9
3772,0,2
3773,1,1
3774,5,2
3775,4,5
3776,6,6
3777,9,9
3778,4,7
3779,4,7
3780,2,3
3781,4,4
3782,2,2
3783,0,0
3784,2,2
3785,5,5
3786,4,6
3787,7,7
3788,6,3
3789,7,7
3790,3,9
3791,4,4
3792,7,2
3793,0,0
3794,4,6
3795,1,1
3796,7,7
3797,5,5
3798,6,6
3799,5,5
3800,5,3
3801,9,9
3802,2,2
3803,9,7
3804,8,8
3805,5,5
3806,9,9
3807,4,5
3808,8,8
3809,6,5
3810,4,4
3811,6,3
3812,7,7
3813,9,9
3814,8,8
3815,1,1
3816,7,2
3817,4,2
3818,8,8
3819,9,9
3820,3,3
3821,2,0
3822,1,8
3823,3,4
3824,0,0
3825,3,2
3826,0,0
3827,1,1
3828,4,4
3829,0,1
3830,8,8
3831,5,5
3832,2,5
3833,1,7
3834,9,9
3835,8,8
3836,3,3
3837,7,7
3838,9,9
3839,1,1
3840,5,5
3841,6,6
3842,9,9
3843,8,8
3844,4,7
3845,5,2
3846,0,0
3847,9,9
3848,1,0
3849,8,8
3850,4,5
3851,9,9
3852,6,4
3853,3,2
3854,2,9
3855,1,8
3856,1,1
3857,6,9
3858,8,1
3859,8,8
3860,6,3
3861,7,7
3862,6,6
3863,4,4
3864,2,2
3865,9,3
3866,7,7
3867,0,0
3868,5,3
3869,2,5
3870,8,8
3871,8,8
3872,8,8
3873,7,7
3874,9,9
3875,6,6
3876,7,2
3877,7,7
3878,4,4
3879,5,5
3880,9,7
3881,6,6
3882,7,7
3883,9,1
3884,1,7
3885,3,3
3886,6,6
3887,8,8
3888,3,2
3889,6,6
3890,6,6
3891,4,7
3892,9,1
3893,6,5
3894,9,9
3895,5,7
3896,1,1
3897,5,7
3898,0,0
3899,1,1
3900,7,6
3901,6,3
3902,4,3
3903,1,9
3904,8,0
3905,1,1
3906,7,2
3907,2,3
3908,4,2
3909,2,2
3910,5,5
3911,7,4
3912,9,9
3913,8,8
3914,7,7
3915,4,4
3916,4,4
3917,9,9
3918,4,7
3919,6,6
3920,7,7
3921,7,7
3922,8,1
3923,2,2
3924,5,3
3925,4,5
3926,1,1
3927,9,9
3928,2,0
3929,5,3
3930,3,3
3931,1,1
3932,5,5
3933,5,6
3934,2,6
3935,4,2
3936,7,4
3937,6,6
3938,8,8
3939,8,8
3940,9,9
3941,3,6
3942,6,6
3943,1,1
3944,0,0
3945,1,7
3946,5,5
3947,8,8
3948,2,2
3949,9,1
3950,5,5
3951,8,8
3952,8,1
3953,4,4
3954,4,7
3955,7,5
3956,0,0
3957,3,3
3958,0,9
3959,9,9
3960,5,5
3961,5,2
3962,8,8
3963,4,4
3964,5,1
3965,1,9
3966,0,0
3967,4,4
3968,4,4
3969,8,8
3970,1,2
3971,4,9
3972,0,0
3973,7,7
3974,7,9
3975,8,8
3976,7,7
3977,9,1
3978,6,3
3979,6,2
3980,9,9
3981,2,9
3982,5,5
3983,9,9
3984,9,7
3985,6,6
3986,7,7
3987,7,7
3988,9,1
3989,1,1
3990,6,2
3991,4,4
3992,2,2
3993,0,0
3994,6,6
3995,8,8
3996,3,7
3997,1,6
3998,2,2
3999,3,2
4000,1,9
4001,8,8
4002,4,2
4003,7,4
4004,0,2
4005,4,0
4006,3,5
4007,8,8
4008,6,6
4009,8,8
4010,7,2
4011,7,7
4012,9,7
4013,6,3
4014,1,1
4015,8,8
4016,1,1
4017,6,6
4018,3,5
4019,9,9
4020,7,7
4021,8,8
4022,9,9
4023,6,6
4024,3,4
4025,4,8
4026,4,1
4027,9,9
4028,4,4
4029,8,0
4030,4,4
4031,1,1
4032,4,4
4033,3,3
4034,6,6
4035,2,2
4036,5,2
4037,0,7
4038,0,0
4039,9,0
4040,5,7
4041,0,0
4042,7,7
4043,0,4
4044,2,3
4045,3,6
4046,7,7
4047,7,7
4048,4,4
4049,4,5
4050,4,4
4051,2,3
4052,7,5
4053,4,5
4054,2,4
4055,8,7
4056,1,1
4057,0,0
4058,7,7
4059,9,7
4060,1,1
4061,6,6
4062,7,5
4063,0,0
4064,7,7
4065,7,7
4066,7,4
4067,2,6
4068,1,1
4069,8,8
4070,5,5
4071,9,9
4072,6,3
4073,3,5
4074,2,6
4075,2,2
4076,5,2
4077,7,7
4078,1,3
4079,3,5
4080,8,8
4081,1,1
4082,0,0
4083,6,6
4084,8,8
4085,7,7
4086,3,8
4087,8,8
4088,5,5
4089,7,7
4090,9,5
4091,4,4
4092,9,9
4093,7,7
4094,3,3
4095,5,3
4096,8,8
4097,8,8
4098,5,3
4099,1,9
4100,6,4
4101,7,7
4102,2,2
4103,0,0
4104,8,8
4105,0,0
4106,7,7
4107,8,3
4108,5,3
4109,2,2
4110,3,5
4111,2,2
4112,2,4
4113,5,4
4114,0,0
4115,4,4
4116,8,8
4117,2,2
4118,4,4
4119,0,0
4120,8,6
4121,4,4
4122,7,5
4123,6,6
4124,0,0
4125,8,8
4126,0,8
4127,0,0
4128,6,6
4129,1,1
4130,1,1
4131,6,6
4132,1,1
4133,4,4
4134,7,2
4135,9,1
4136,3,1
4137,2,2
4138,6,4
4139,4,4
4140,4,5
4141,4,5
4142,8,8
4143,8,8
4144,5,5
4145,1,1
4146,8,8
4147,2,2
4148,7,3
4149,3,3
4150,9,9
4151,6,6
4152,4,6
4153,6,5
4154,8,0
4155,7,7
4156,6,3
4157,3,3
4158,5,2
4159,0,7
4160,4,4
4161,5,5
4162,6,6
4163,0,0
4164,3,2
4165,1,1
4166,8,8
4167,7,1
4168,6,0
4169,9,9
4170,3,3
4171,1,1
4172,8,0
4173,5,5
4174,7,4
4175,4,2
4176,3,3
4177,5,3
4178,6,6
4179,7,7
4180,6,6
4181,8,0
4182,0,0
4183,5,5
4184,7,7
4185,4,4
4186,4,7
4187,7,7
4188,0,0
4189,6,6
4190,1,1
4191,7,3
4192,9,9
4193,8,0
4194,9,9
4195,0,0
4196,3,3
4197,8,8
4198,4,4
4199,0,8
4200,8,8
4201,2,4
4202,1,1
4203,7,0
4204,4,2
4205,6,2
4206,4,4
4207,1,1
4208,1,1
4209,3,2
4210,7,4
4211,9,3
4212,7,4
4213,1,1
4214,4,4
4215,7,7
4216,8,1
4217,0,0
4218,0,0
4219,9,9
4220,0,0
4221,0,4
4222,3,2
4223,8,8
4224,8,8
4225,0,5
4226,6,5
4227,0,0
4228,4,4
4229,0,0
4230,8,8
4231,5,6
4232,0,2
4233,5,5
4234,9,9
4235,2,2
4236,9,9
4237,1,1
4238,1,1
4239,3,5
4240,4,4
4241,7,7
4242,3,5
4243,0,8
4244,6,6
4245,4,2
4246,1,1
4247,9,5
4248,5,5
4249,5,3
4250,4,4
4251,1,1
4252,1,8
4253,9,9
4254,9,9
4255,8,8
4256,8,9
4257,8,8
4258,6,6
4259,8,8
4260,5,5
4261,8,8
4262,9,9
4263,6,4
4264,6,6
4265,9,2
4266,1,6
4267,5,3
4268,7,7
4269,7,4
4270,0,0
4271,2,0
4272,8,1
4273,7,7
4274,6,5
4275,1,1
4276,2,5
4277,1,9
4278,5,3
4279,1,1
4280,6,6
4281,8,8
4282,3,7
4283,5,3
4284,6,6
4285,9,9
4286,0,1
4287,2,2
4288,1,0
4289,1,1
4290,1,7
4291,3,2
4292,6,6
4293,1,1
4294,9,9
4295,2,0
4296,0,0
4297,1,8
4298,9,9
4299,9,9
4300,8,2
4301,8,8
4302,6,6
4303,5,2
4304,5,5
4305,2,6
4306,0,0
4307,8,3
4308,2,3
4309,3,0
4310,5,7
4311,7,4
4312,7,7
4313,5,5
4314,3,0
4315,1,1
4316,0,6
4317,8,8
4318,8,8
4319,1,1
4320,6,2
4321,0,1
4322,3,5
4323,7,4
4324,5,5
4325,9,9
4326,6,6
4327,7,7
4328,1,1
4329,0,0
4330,6,6
4331,9,9
4332,4,2
4333,2,7
4334,7,7
4335,1,3
4336,9,9
4337,9,9
4338,1,1
4339,9,9
4340,7,7
4341,0,0
4342,1,1
4343,4,3
4344,7,5
4345,4,4
4346,6,6
4347,3,3
4348,8,8
4349,8,8
4350,8,0
4351,4,4
4352,8,8
4353,3,3
4354,4,6
4355,1,7
4356,3,0
4357,0,0
4358,4,4
4359,5,5
4360,2,2
4361,6,6
4362,8,8
4363,4,4
4364,9,9
4365,9,9
4366,9,9
4367,6,2
4368,8,0
4369,6,4
4370,7,2
4371,8,8
4372,1,1
4373,1,1
4374,0,0
4375,8,0
4376,5,3
4377,4,7
4378,6,4
4379,1,1
4380,1,1
4381,9,9
4382,7,7
4383,7,7
4384,4,4
4385,6,6
4386,8,8
4387,6,6
4388,0,0
4389,7,2
4390,8,8
4391,5,5
4392,8,3
4393,5,5
4394,9,3
4395,5,5
4396,7,7
4397,8,9
4398,2,8
4399,1,4
4400,4,4
4401,6,3
4402,1,1
4403,2,4
4404,2,8
4405,4,3
4406,6,6
4407,5,5
4408,3,3
4409,0,0
4410,8,8
4411,9,9
4412,5,5
4413,7,7
4414,6,6
4415,3,2
4416,0,0
4417,6,4
4418,9,9
4419,9,9
4420,0,0
4421,5,5
4422,9,2
4423,9,3
4424,6,6
4425,1,1
4426,9,1
4427,0,0
4428,4,2
4429,8,8
4430,2,2
4431,1,1
4432,1,1
4433,7,7
4434,5,5
4435,0,2
4436,3,3
4437,4,4
4438,1,1
4439,2,2
4440,3,9
4441,2,2
4442,1,1
4443,1,3
4444,4,4
4445,8,8
4446,1,9
4447,3,0
4448,9,0
4449,4,4
4450,7,9
4451,1,0
4452,4,2
4453,2,2
4454,0,0
4455,6,6
4456,8,8
4457,7,7
4458,3,3
4459,3,3
4460,8,8
4461,9,9
4462,8,0
4463,5,2
4464,6,5
4465,3,3
4466,6,6
4467,1,1
4468,4,3
4469,8,9
4470,3,5
4471,0,0
4472,5,5
4473,4,4
4474,4,4
4475,9,0
4476,1,1
4477,3,1
4478,3,6
4479,8,1
4480,4,7
4481,9,9
4482,8,9
4483,3,6
4484,2,2
4485,4,4
4486,7,3
4487,9,8
4488,5,3
4489,4,4
4490,7,7
4491,0,0
4492,2,2
4493,8,8
4494,4,4
4495,8,8
4496,5,3
4497,0,8
4498,8,8
4499,8,8
4500,6,3
4501,5,3
4502,5,5
4503,7,7
4504,4,7
4505,0,0
4506,6,4
4507,1,1
4508,5,5
4509,0,9
4510,7,7
4511,0,0
4512,6,6
4513,9,8
4514,3,4
4515,9,9
4516,0,0
4517,1,1
4518,8,8
4519,9,9
4520,6,6
4521,3,3
4522,9,9
4523,2,2
4524,2,4
4525,4,4
4526,1,0
4527,3,3
4528,3,3
4529,4,5
4530,5,4
4531,8,5
4532,1,1
4533,1,1
4534,0,8
4535,2,2
4536,4,2
4537,9,9
4538,6,3
4539,2,7
4540,9,8
4541,9,9
4542,2,2
4543,6,3
4544,1,1
4545,7,7
4546,4,3
4547,0,2
4548,4,3
4549,4,0
4550,9,1
4551,0,9
4552,5,5
4553,3,5
4554,3,3
4555,4,4
4556,7,5
4557,0,2
4558,0,0
4559,0,0
4560,6,3
4561,1,1
4562,5,3
4563,7,4
4564,2,7
4565,4,4
4566,7,2
4567,0,8
4568,4,4
4569,8,8
4570,9,9
4571,9,9
4572,7,4
4573,7,2
4574,6,4
4575,2,3
4576,6,6
4577,4,4
4578,6,6
4579,3,4
4580,7,6
4581,6,6
4582,2,3
4583,1,8
4584,4,7
4585,0,4
4586,8,8
4587,0,0
4588,5,5
4589,9,9
4590,1,3
4591,2,9
4592,0,0
4593,7,7
4594,5,5
4595,8,1
4596,9,9
4597,4,7
4598,9,9
4599,1,1
4600,9,8
4601,7,4
4602,2,2
4603,1,1
4604,3,6
4605,7,4
4606,4,3
4607,6,0
4608,7,1
4609,6,4
4610,8,8
4611,6,6
4612,1,1
4613,7,7
4614,9,1
4615,7,3
4616,4,5
4617,7,4
4618,6,3
4619,6,3
4620,9,9
4621,7,7
4622,8,8
4623,2,2
4624,5,5
4625,5,5
4626,7,4
4627,5,5
4628,6,4
4629,5,5
4630,7,7
4631,4,2
4632,5,5
4633,4,5
4634,9,1
4635,5,7
4636,7,7
4637,8,8
4638,3,3
4639,6,6
4640,0,0
4641,2,2
4642,5,5
4643,4,2
4644,3,3
4645,4,7
4646,4,4
4647,5,2
4648,1,1
4649,6,6
4650,8,8
4651,6,6
4652,8,8
4653,3,3
4654,2,2
4655,7,7
4656,5,7
4657,9,9
4658,7,7
4659,1,1
4660,7,4
4661,1,7
4662,3,4
4663,6,6
4664,1,1
4665,7,7
4666,3,3
4667,0,0
4668,8,0
4669,6,6
4670,4,6
4671,8,8
4672,6,6
4673,6,6
4674,8,0
4675,3,3
4676,4,4
4677,7,7
4678,4,4
4679,9,9
4680,4,4
4681,9,9
4682,1,9
4683,5,3
4684,4,4
4685,1,1
4686,6,4
4687,8,0
4688,3,3
4689,7,7
4690,1,1
4691,2,2
4692,6,2
4693,8,8
4694,6,4
4695,3,7
4696,8,8
4697,4,5
4698,5,5
4699,6,6
4700,5,5
4701,6,6
4702,0,0
4703,6,6
4704,6,4
4705,9,9
4706,7,3
4707,3,2
4708,9,7
4709,3,3
4710,9,8
4711,6,3
4712,9,9
4713,4,4
4714,1,1
4715,6,6
4716,9,9
4717,9,9
4718,3,4
4719,3,3
4720,9,9
4721,0,8
4722,9,1
4723,3,6
4724,9,9
4725,8,5
4726,9,9
4727,0,0
4728,9,9
4729,7,7
4730,5,2
4731,4,2
4732,4,4
4733,6,2
4734,4,6
4735,4,4
4736,8,8
4737,1,1
4738,9,9
4739,2,5
4740,6,6
4741,5,5
4742,1,1
4743,8,8
4744,6,6
4745,0,6
4746,0,7
4747,6,6
4748,5,5
4749,1,0
4750,5,2
4751,9,7
4752,6,6
4753,1,1
4754,0,2
4755,8,3
4756,1,1
4757,6,6
4758,7,4
4759,1,9
4760,0,0
4761,6,3
4762,9,9
4763,9,1
4764,0,0
4765,5,5
4766,5,3
4767,1,1
4768,6,6
4769,9,9
4770,8,8
4771,9,9
4772,0,0
4773,6,6
4774,1,1
4775,6,6
4776,2,2
4777,3,3
4778,5,5
4779,6,6
4780,9,9
4781,8,0
4782,7,7
4783,2,2
4784,4,4
4785,8,0
4786,3,3
4787,9,6
4788,8,8
4789,2,6
4790,9,9
4791,1,1
4792,4,9
4793,7,0
4794,6,6
4795,4,4
4796,3,5
4797,9,9
4798,5,5
4799,0,4
4800,0,1
4801,9,9
4802,7,2
4803,0,0
4804,7,7
4805,3,3
4806,3,5
4807,1,1
4808,8,8
4809,5,3
4810,0,0
4811,5,5
4812,8,2
4813,8,8
4814,8,8
4815,3,3
4816,9,9
4817,6,6
4818,5,0
4819,9,3
4820,5,5
4821,3,3
4822,2,4
4823,1,1
4824,4,5
4825,0,0
4826,2,7
4827,3,3
4828,9,9
4829,4,4
4830,6,5
4831,3,3
4832,1,1
4833,4,4
4834,3,2
4835,7,4
4836,9,9
4837,9,9
4838,7,7
4839,1,1
4840,7,7
4841,0,0
4842,1,1
4843,2,2
4844,1,1
4845,3,5
4846,2,3
4847,8,8
4848,7,4
4849,1,1
4850,3,5
4851,1,1
4852,9,9
4853,9,9
4854,9,7
4855,0,0
4856,1,1
4857,7,7
4858,6,6
4859,2,2
4860,6,6
4861,5,5
4862,1,0
4863,2,3
4864,1,1
4865,3,3
4866,9,8
4867,9,9
4868,1,9
4869,8,0
4870,8,8
4871,9,8
4872,4,7
4873,1,9
4874,2,2
4875,9,9
4876,1,1
4877,6,3
4878,6,6
4879,4,7
4880,4,6
4881,0,0
4882,8,8
4883,6,6
4884,2,2
4885,5,4
4886,5,2
4887,3,3
4888,3,5
4889,5,5
4890,7,4
4891,1,1
4892,6,6
4893,7,7
4894,1,1
4895,6,6
4896,1,1
4897,7,7
4898,0,1
4899,6,6
4900,0,2
4901,7,3
4902,8,0
4903,4,4
4904,2,2
4905,2,9
4906,7,7
4907,3,5
4908,5,5
4909,8,6
4910,0,0
4911,9,8
4912,8,8
4913,1,1
4914,8,1
4915,3,3
4916,5,5
4917,6,6
4918,3,5
4919,3,3
4920,8,8
4921,7,7
4922,9,5
4923,8,0
4924,7,7
4925,5,7
4926,5,5
4927,1,7
4928,1,1
4929,9,9
4930,9,9
4931,1,1
4932,8,9
4933,9,9
4934,3,3
4935,2,5
4936,5,5
4937,3,3
4938,8,0
4939,9,3
4940,0,0
4941,6,6
4942,6,6
4943,6,5
4944,6,6
4945,8,8
4946,1,9
4947,6,4
4948,3,5
4949,9,1
4950,1,1
4951,2,2
4952,6,7
4953,9,9
4954,0,0
4955,1,1
4956,0,2
4957,5,5
4958,4,4
4959,4,4
4960,7,7
4961,3,4
4962,8,8
4963,8,3
4964,3,3
4965,4,5
4966,2,3
4967,3,5
4968,9,7
4969,1,0
4970,1,1
4971,6,2
4972,9,9
4973,4,8
4974,0,1
4975,7,7
4976,3,3
4977,5,5
4978,9,9
4979,1,1
4980,6,9
4981,9,1
4982,0,1
4983,7,3
4984,6,6
4985,3,7
4986,2,4
4987,1,8
4988,3,3
4989,7,5
4990,6,6
4991,7,7
4992,8,0
4993,8,1
4994,9,7
4995,7,7
4996,5,2
4997,5,3
4998,3,3
4999,5,5
5000,1,1
5001,9,7
5002,6,6
5003,8,8
5004,7,4
5005,4,4
5006,5,5
5007,7,7
5008,3,3
5009,4,4
5010,7,7
5011,7,7
5012,1,3
5013,6,6
5014,2,0
5015,7,7
5016,2,2
5017,6,6
5018,7,7
5019,4,4
5020,8,1
5021,9,8
5022,0,0
5023,2,2
5024,4,2
5025,9,1
5026,5,5
5027,4,4
5028,0,0
5029,9,9
5030,3,3
5031,0,4
5032,0,4
5033,4,2
5034,3,3
5035,1,8
5036,5,5
5037,8,0
5038,0,0
5039,4,4
5040,6,6
5041,2,3
5042,9,9
5043,2,2
5044,4,0
5045,2,5
5046,7,7
5047,2,5
5048,5,5
5049,9,1
5050,7,7
5051,6,3
5052,1,1
5053,6,6
5054,5,7
5055,9,9
5056,0,0
5057,1,1
5058,6,2
5059,1,1
5060,4,4
5061,5,6
5062,9,1
5063,5,5
5064,9,9
5065,5,5
5066,0,0
5067,4,4
5068,1,9
5069,2,4
5070,9,9
5071,5,7
5072,1,1
5073,7,6
5074,5,8
5075,9,0
5076,6,6
5077,5,5
5078,0,0
5079,8,8
5080,1,1
5081,7,7
5082,3,5
5083,6,6
5084,1,9
5085,5,3
5086,6,2
5087,4,3
5088,9,9
5089,9,8
5090,4,6
5091,1,1
5092,0,0
5093,9,9
5094,8,0
5095,9,9
5096,8,8
5097,1,7
5098,3,7
5099,2,5
5100,2,2
5101,3,3
5102,5,5
5103,2,5
5104,9,7
5105,2,8
5106,7,7
5107,5,6
5108,9,9
5109,1,1
5110,7,9
5111,8,8
5112,6,6
5113,7,5
5114,4,6
5115,1,7
5116,5,5
5117,6,6
5118,4,7
5119,7,2
5120,2,5
5121,9,9
5122,6,6
5123,6,6
5124,2,7
5125,0,0
5126,1,1
5127,8,0
5128,1,1
5129,4,3
5130,6,2
5131,4,5
5132,6,6
5133,1,1
5134,2,2
5135,3,5
5136,1,1
5137,9,9
5138,1,9
5139,8,8
5140,6,6
5141,8,8
5142,6,6
5143,8,8
5144,9,9
5145,7,0
5146,4,4
5147,1,0
5148,5,3
5149,5,3
5150,6,6
5151,4,4
5152,3,9
5153,9,9
5154,4,7
5155,4,2
5156,5,3
5157,6,5
5158,6,6
5159,4,4
5160,6,6
5161,0,0
5162,3,3
5163,0,7
5164,5,5
5165,0,0
5166,2,2
5167,1,9
5168,2,2
5169,7,7
5170,2,2
5171,9,9
5172,2,2
5173,3,4
5174,0,0
5175,6,6
5176,6,6
5177,2,3
5178,6,4
5179,5,5
5180,5,5
5181,7,9
5182,1,1
5183,2,1
5184,6,4
5185,5,4
5186,3,3
5187,7,5
5188,4,4
5189,8,8
5190,0,0
5191,0,0
5192,5,3
5193,1,9
5194,2,4
5195,1,7
5196,4,4
5197,2,2
5198,8,8
5199,0,3
5200,6,6
5201,6,3
5202,8,1
5203,9,9
5204,6,6
5205,3,3
5206,8,8
5207,0,3
5208,8,8
5209,4,4
5210,7,7
5211,3,5
5212,4,7
5213,5,5
5214,5,3
5215,1,1
5216,2,2
5217,6,6
5218,1,1
5219,3,3
5220,2,2
5221,0,0
5222,7,7
5223,5,5
5224,0,0
5225,1,0
5226,8,0
5227,1,1
5228,6,4
5229,3,3
5230,5,5
5231,1,8
5232,4,4
5233,5,3
5234,3,1
5235,3,7
5236,9,1
5237,0,0
5238,4,4
5239,0,2
5240,4,4
5241,9,1
5242,6,4
5243,9,0
5244,1,1
5245,4,2
5246,1,1
5247,5,7
5248,9,7
5249,9,9
5250,8,8
5251,7,7
5252,5,5
5253,4,4
5254,0,0
5255,9,9
5256,0,0
5257,0,0
5258,8,8
5259,7,2
5260,8,0
5261,0,0
5262,9,2
5263,4,4
5264,8,8
5265,6,6
5266,2,2
5267,4,4
5268,6,6
5269,4,3
5270,5,5
5271,1,1
5272,5,5
5273,5,3
5274,7,7
5275,2,2
5276,2,2
5277,9,9
5278,9,8
5279,0,0
5280,8,0
5281,2,0
5282,4,3
5283,4,4
5284,2,4
5285,6,6
5286,1,1
5287,6,6
5288,5,7
5289,4,4
5290,4,4
5291,5,3
5292,9,9
5293,4,4
5294,0,0
5295,8,8
5296,0,0
5297,4,4
5298,3,6
5299,4,5
5300,7,7
5301,9,9
5302,7,7
5303,0,0
5304,5,5
5305,7,7
5306,5,7
5307,3,3
5308,1,1
5309,1,9
5310,6,3
5311,2,0
5312,3,9
5313,5,5
5314,1,3
5315,7,7
5316,9,9
5317,3,4
5318,4,4
5319,0,1
5320,7,7
5321,2,7
5322,9,1
5323,7,4
5324,1,1
5325,1,2
5326,8,8
5327,7,7
5328,4,0
5329,9,0
5330,8,4
5331,3,7
5332,2,2
5333,9,9
5334,7,7
5335,6,6
5336,9,9
5337,6,3
5338,3,5
5339,8,8
5340,0,0
5341,3,3
5342,6,6
5343,7,8
5344,3,3
5345,4,2
5346,4,4
5347,9,7
5348,1,1
5349,1,1
5350,3,3
5351,9,9
5352,5,7
5353,3,5
5354,8,1
5355,8,0
5356,8,8
5357,7,7
5358,8,0
5359,1,1
5360,6,6
5361,1,9
5362,7,3
5363,2,2
5364,7,7
5365,7,7
5366,8,8
5367,9,1
5368,3,0
5369,3,3
5370,4,4
5371,6,6
5372,2,7
5373,8,5
5374,1,2
5375,8,0
5376,1,1
5377,5,5
5378,3,5
5379,3,1
5380,8,4
5381,9,1
5382,5,3
5383,0,0
5384,8,8
5385,6,6
5386,6,2
5387,1,1
5388,6,3
5389,6,6
5390,4,4
5391,1,1
5392,9,9
5393,0,0
5394,7,4
5395,1,1
5396,0,0
5397,8,1
5398,8,9
5399,1,8
5400,6,6
5401,9,9
5402,2,2
5403,4,4
5404,7,7
5405,4,2
5406,0,2
5407,7,7
5408,7,4
5409,9,9
5410,1,1
5411,5,3
5412,6,2
5413,6,6
5414,5,3
5415,4,4
5416,4,4
5417,1,9
5418,4,4
5419,9,8
5420,6,2
5421,6,6
5422,6,6
5423,1,1
5424,6,6
5425,3,3
5426,3,6
5427,5,5
5428,8,8
5429,7,4
5430,6,6
5431,7,7
5432,9,1
5433,9,9
5434,5,3
5435,6,6
5436,7,7
5437,6,6
5438,0,0
5439,4,7
5440,1,1
5441,9,9
5442,5,5
5443,2,2
5444,6,6
5445,9,7
5446,7,7
5447,3,6
5448,5,5
5449,9,9
5450,1,1
5451,5,5
5452,6,6
5453,0,0
5454,2,2
5455,2,0
5456,1,9
5457,1,1
5458,8,8
5459,6,3
5460,5,5
5461,2,0
5462,3,0
5463,0,0
5464,5,5
5465,4,7
5466,7,7
5467,8,8
5468,5,5
5469,1,5
5470,9,5
5471,1,1
5472,6,6
5473,9,1
5474,5,5
5475,1,1
5476,0,0
5477,6,6
5478,2,2
5479,3,3
5480,6,2
5481,1,1
5482,7,7
5483,2,5
5484,9,1
5485,9,9
5486,8,8
5487,3,3
5488,4,6
5489,9,9
5490,7,7
5491,7,3
5492,0,0
5493,2,2
5494,4,3
5495,9,9
5496,7,4
5497,4,4
5498,4,3
5499,9,9
5500,6,6
5501,9,8
5502,6,6
5503,6,6
5504,8,8
5505,6,5
5506,4,4
5507,4,3
5508,6,6
5509,7,7
5510,7,7
5511,4,4
5512,6,3
5513,9,9
5514,6,6
5515,2,2
5516,2,4
5517,2,0
5518,3,1
5519,4,3
5520,6,6
5521,6,4
5522,9,9
5523,6,2
5524,6,6
5525,8,0
5526,7,3
5527,8,8
5528,7,7
5529,5,5
5530,9,3
5531,3,3
5532,8,8
5533,3,3
5534,2,2
5535,4,6
5536,3,3
5537,9,6
5538,3,2
5539,4,7
5540,4,4
5541,5,5
5542,7,7
5543,9,9
5544,0,0
5545,1,0
5546,6,6
5547,7,7
5548,0,2
5549,0,8
5550,5,5
5551,3,5
5552,7,7
5553,5,5
5554,5,5
5555,9,9
5556,6,4
5557,3,6
5558,5,4
5559,7,7
5560,2,3
5561,3,3
5562,6,6
5563,7,4
5564,1,1
5565,6,6
5566,3,3
5567,1,1
5568,6,6
5569,7,7
5570,1,0
5571,5,5
5572,4,0
5573,1,1
5574,6,9
5575,7,7
5576,3,3
5577,3,5
5578,4,2
5579,3,3
5580,9,9
5581,3,5
5582,3,6
5583,5,4
5584,0,0
5585,0,0
5586,2,0
5587,8,8
5588,0,0
5589,3,3
5590,4,2
5591,4,4
5592,5,5
5593,5,3
5594,7,7
5595,9,9
5596,6,6
5597,9,9
5598,8,3
5599,1,1
5600,2,2
5601,6,6
5602,7,7
5603,4,4
5604,4,5
5605,1,1
5606,3,3
5607,9,7
5608,0,6
5609,9,9
5610,7,5
5611,8,8
5612,5,5
5613,8,8
5614,5,5
5615,8,8
5616,5,5
5617,6,6
5618,5,5
5619,0,0
5620,9,8
5621,4,3
5622,1,8
5623,1,1
5624,8,8
5625,1,1
5626,7,5
5627,5,0
5628,9,9
5629,1,8
5630,6,6
5631,4,3
5632,6,6
5633,3,3
5634,4,4
5635,2,4
5636,7,7
5637,4,4
5638,7,7
5639,4,4
5640,3,3
5641,5,2
5642,6,4
5643,7,5
5644,5,5
5645,7,7
5646,3,5
5647,8,4
5648,3,5
5649,2,8
5650,0,0
5651,7,5
5652,4,4
5653,0,0
5654,4,5
5655,5,4
5656,7,3
5657,2,3
5658,5,2
5659,4,4
5660,7,2
5661,1,9
5662,4,4
5663,8,8
5664,8,8
5665,4,6
5666,0,2
5667,6,6
5668,1,1
5669,7,7
5670,1,0
5671,4,4
5672,3,3
5673,8,8
5674,7,5
5675,8,9
5676,7,7
5677,6,6
5678,7,7
5679,2,1
5680,0,0
5681,3,2
5682,3,3
5683,5,5
5684,6,6
5685,4,7
5686,1,1
5687,6,6
5688,2,2
5689,8,8
5690,3,3
5691,7,7
5692,2,2
5693,5,5
5694,7,7
5695,8,5
5696,7,7
5697,7,7
5698,1,1
5699,5,7
5700,4,4
5701,3,3
5702,3,3
5703,4,4
5704,1,0
5705,4,4
5706,2,2
5707,7,7
5708,0,0
5709,5,2
5710,5,2
5711,6,6
5712,6,6
5713,2,2
5714,5,5
5715,2,2
5716,6,6
5717,0,0
5718,6,6
5719,1,1
5720,3,2
5721,9,9
5722,0,0
5723,8,0
5724,1,1
5725,5,5
5726,5,5
5727,1,1
5728,6,6
5729,7,7
5730,1,8
5731,7,5
5732,6,6
5733,5,3
5734,5,3
5735,6,6
5736,0,0
5737,9,9
5738,5,9
5739,6,2
5740,6,2
5741,6,6
5742,8,1
5743,4,4
5744,6,6
5745,6,2
5746,7,5
5747,7,7
5748,8,8
5749,8,8
5750,5,5
5751,6,6
5752,4,4
5753,2,3
5754,3,2
5755,5,3
5756,3,4
5757,2,4
5758,2,4
5759,1,8
5760,9,9
5761,6,2
5762,6,6
5763,0,0
5764,8,9
5765,1,7
5766,9,9
5767,8,8
5768,7,7
5769,7,7
5770,6,3
5771,8,8
5772,2,2
5773,9,9
5774,3,3
5775,3,5
5776,7,7
5777,3,5
5778,8,8
5779,7,7
5780,3,3
5781,7,7
5782,0,0
5783,7,7
5784,9,1
5785,6,6
5786,7,2
5787,4,4
5788,1,0
5789,0,0
5790,2,2
5791,1,9
5792,8,8
5793,6,2
5794,8,8
5795,1,7
5796,4,7
5797,5,5
5798,1,5
5799,0,0
5800,1,1
5801,7,2
5802,9,9
5803,2,6
5804,1,1
5805,8,0
5806,1,1
5807,8,0
5808,6,6
5809,3,5
5810,0,0
5811,5,5
5812,2,7
5813,3,4
5814,4,4
5815,8,8
5816,3,3
5817,4,5
5818,4,3
5819,7,7
5820,1,2
5821,5,5
5822,4,8
5823,5,3
5824,3,5
5825,4,7
5826,3,3
5827,7,7
5828,0,0
5829,5,5
5830,4,4
5831,3,5
5832,6,6
5833,9,9
5834,5,3
5835,2,5
5836,2,3
5837,1,8
5838,6,2
5839,8,4
5840,6,2
5841,2,2
5842,6,6
5843,7,7
5844,6,6
5845,0,0
5846,5,5
5847,5,5
5848,1,8
5849,3,4
5850,1,5
5851,6,6
5852,1,1
5853,3,3
5854,3,5
5855,7,4
5856,2,7
5857,5,3
5858,0,0
5859,7,7
5860,2,2
5861,8,0
5862,3,1
5863,5,2
5864,4,4
5865,1,9
5866,6,6
5867,4,4
5868,3,5
5869,9,9
5870,6,7
5871,7,7
5872,3,6
5873,4,7
5874,2,4
5875,3,3
5876,1,1
5877,3,6
5878,9,9
5879,5,4
5880,8,8
5881,8,0
5882,5,3
5883,1,1
5884,6,6
5885,1,4
5886,4,4
5887,4,2
5888,1,1
5889,3,4
5890,6,6
5891,3,3
5892,0,0
5893,8,8
5894,0,9
5895,5,7
5896,6,6
5897,1,8
5898,4,4
5899,8,8
5900,1,1
5901,2,4
5902,1,5
5903,9,9
5904,0,4
5905,4,7
5906,1,1
5907,4,4
5908,5,5
5909,7,3
5910,9,1
5911,8,2
5912,6,6
5913,1,4
5914,7,7
5915,8,1
5916,3,5
5917,9,9
5918,2,3
5919,1,1
5920,0,4
5921,8,8
5922,7,7
5923,7,7
5924,0,0
5925,5,4
5926,3,3
5927,2,4
5928,2,6
5929,7,7
5930,7,7
5931,5,5
5932,7,4
5933,4,4
5934,4,4
5935,7,3
5936,6,6
5937,3,6
5938,1,1
5939,9,9
5940,1,9
5941,2,7
5942,9,9
5943,4,4
5944,7,3
5945,3,2
5946,9,9
5947,1,8
5948,5,5
5949,0,0
5950,6,6
5951,9,9
5952,0,0
5953,9,9
5954,5,7
5955,8,8
5956,0,5
5957,4,4
5958,4,4
5959,9,9
5960,8,4
5961,2,2
5962,6,6
5963,6,6
5964,9,9
5965,9,9
5966,7,7
5967,9,9
5968,9,9
5969,0,0
5970,0,5
5971,1,1
5972,1,1
5973,0,8
5974,6,6
5975,9,9
5976,8,9
5977,6,5
5978,6,6
5979,3,5
5980,9,5
5981,9,9
5982,7,7
5983,9,9
5984,4,4
5985,5,5
5986,7,4
5987,4,3
5988,4,3
5989,9,9
5990,8,8
5991,8,8
5992,3,3
5993,7,4
5994,8,8
5995,5,4
5996,0,0
5997,2,4
5998,0,0
5999,7,7
6000,8,2
6001,8,8
6002,0,0
6003,2,2
6004,0,0
6005,7,7
6006,4,4
6007,1,0
6008,6,6
6009,2,3
6010,4,3
6011,1,1
6012,5,7
6013,2,4
6014,6,6
6015,6,5
6016,1,0
6017,6,4
6018,1,9
6019,6,5
6020,6,6
6021,6,6
6022,5,3
6023,0,0
6024,5,5
6025,3,2
6026,6,6
6027,3,3
6028,9,3
6029,8,8
6030,0,0
6031,1,8
6032,4,5
6033,4,4
6034,2,2
6035,8,9
6036,3,5
6037,8,0
6038,3,5
6039,3,4
6040,8,8
6041,2,2
6042,2,7
6043,6,6
6044,4,5
6045,7,7
6046,8,8
6047,2,2
6048,8,0
6049,1,1
6050,8,8
6051,9,2
6052,4,4
6053,8,8
6054,4,4
6055,4,3
6056,0,0
6057,4,4
6058,0,0
6059,1,1
6060,1,9
6061,5,3
6062,9,0
6063,6,3
6064,4,6
6065,3,5
6066,2,5
6067,3,2
6068,8,8
6069,3,5
6070,0,0
6071,9,8
6072,7,7
6073,5,5
6074,2,2
6075,9,4
6076,3,3
6077,7,7
6078,2,0
6079,2,2
6080,3,3
6081,1,1
6082,0,0
6083,0,0
6084,0,2
6085,1,1
6086,6,2
6087,9,1
6088,6,4
6089,6,6
6090,4,7
6091,4,1
6092,0,0
6093,6,5
6094,6,2
6095,5,5
6096,8,9
6097,2,2
6098,3,5
6099,6,6
6100,7,7
6101,1,1
6102,9,9
6103,3,3
6104,6,6
6105,1,1
6106,0,0
6107,7,2
6108,9,9
6109,4,4
6110,4,2
6111,9,9
6112,2,3
6113,8,8
6114,9,2
6115,9,9
6116,8,8
6117,4,5
6118,1,1
6119,0,0
6120,1,1
6121,2,5
6122,5,2
6123,3,5
6124,6,6
6125,8,8
6126,8,8
6127,3,3
6128,2,5
6129,0,0
6130,2,4
6131,1,1
6132,6,3
6133,7,7
6134,1,0
6135,8,3
6136,3,3
6137,4,9
6138,2,2
6139,6,3
6140,9,9
6141,9,9
6142,8,8
6143,3,5
6144,1,9
6145,7,7
6146,3,2
6147,8,0
6148,9,9
6149,4,4
6150,7,7
6151,8,1
6152,4,7
6153,6,6
6154,7,4
6155,7,4
6156,8,8
6157,9,9
6158,9,0
6159,8,7
6160,1,1
6161,6,2
6162,4,4
6163,2,0
6164,9,3
6165,7,7
6166,6,5
6167,8,1
6168,9,9
6169,9,3
6170,2,5
6171,2,2
6172,9,4
6173,1,1
6174,1,1
6175,7,3
6176,6,3
6177,9,9
6178,5,2
6179,6,5
6180,8,8
6181,4,0
6182,8,8
6183,1,1
6184,3,5
6185,9,1
6186,5,5
6187,9,9
6188,0,0
6189,9,9
6190,2,2
6191,4,4
6192,0,0
6193,6,6
6194,9,9
6195,1,1
6196,6,1
6197,1,3
6198,1,4
6199,9,9
6200,5,5
6201,3,3
6202,3,3
6203,4,3
6204,5,3
6205,7,4
6206,0,1
6207,3,5
6208,9,9
6209,8,8
6210,7,7
6211,3,4
6212,8,8
6213,7,7
6214,5,3
6215,5,5
6216,4,2
6217,2,5
6218,6,8
6219,6,9
6220,7,7
6221,7,2
6222,8,0
6223,0,0
6224,7,7
6225,5,5
6226,6,3
6227,5,5
6228,5,7
6229,4,4
6230,2,6
6231,4,2
6232,0,8
6233,6,2
6234,7,7
6235,6,7
6236,6,6
6237,9,1
6238,6,3
6239,8,8
6240,6,6
6241,2,2
6242,0,0
6243,0,4
6244,4,4
6245,8,8
6246,5,6
6247,4,4
6248,0,0
6249,3,2
6250,3,5
6251,6,4
6252,0,1
6253,2,2
6254,6,5
6255,4,4
6256,4,6
6257,9,9
6258,3,5
6259,0,0
6260,2,5
6261,9,2
6262,2,0
6263,8,8
6264,2,2
6265,6,6
6266,4,4
6267,5,7
6268,9,9
6269,5,5
6270,7,7
6271,6,2
6272,6,6
6273,5,2
6274,9,1
6275,9,9
6276,9,9
6277,7,7
6278,5,2
6279,3,5
6280,1,1
6281,9,8
6282,1,1
6283,6,6
6284,3,3
6285,0,0
6286,8,8
6287,8,8
6288,3,5
6289,6,6
6290,9,9
6291,1,9
6292,9,9
6293,2,6
6294,3,3
6295,0,0
6296,8,8
6297,8,8
6298,5,5
6299,3,3
6300,9,3
6301,9,1
6302,9,1
6303,0,0
6304,4,7
6305,0,0
6306,4,6
6307,0,0
6308,0,4
6309,4,4
6310,6,6
6311,5,5
6312,3,3
6313,2,2
6314,9,9
6315,6,6
6316,6,6
6317,7,7
6318,1,9
6319,1,7
6320,7,7
6321,0,0
6322,8,8
6323,7,4
6324,2,2
6325,7,7
6326,7,7
6327,4,7
6328,4,4
6329,0,0
6330,1,1
6331,6,6
6332,0,0
6333,3,5
6334,3,3
6335,0,0
6336,2,2
6337,4,4
6338,9,9
6339,5,7
6340,6,3
6341,3,3
6342,0,2
6343,0,8
6344,8,8
6345,5,5
6346,7,3
6347,8,8
6348,0,0
6349,1,8
6350,0,0
6351,0,0
6352,8,0
6353,6,2
6354,2,2
6355,9,7
6356,0,0
6357,7,7
6358,7,7
6359,7,7
6360,3,2
6361,3,2
6362,4,0
6363,7,4
6364,0,0
6365,1,3
6366,7,7
6367,8,8
6368,5,4
6369,9,7
6370,1,9
6371,5,6
6372,9,1
6373,1,1
6374,6,6
6375,9,9
6376,5,3
6377,0,8
6378,9,9
6379,7,5
6380,8,8
6381,3,3
6382,1,9
6383,3,4
6384,2,3
6385,6,7
6386,5,5
6387,5,5
6388,4,2
6389,4,7
6390,4,5
6391,7,7
6392,9,9
6393,3,6
6394,2,3
6395,9,0
6396,0,8
6397,6,4
6398,2,5
6399,3,6
6400,1,1
6401,1,0
6402,5,4
6403,9,8
6404,4,4
6405,7,7
6406,2,1
6407,9,3
6408,2,2
6409,0,0
6410,9,9
6411,1,1
6412,5,8
6413,9,8
6414,6,6
6415,9,8
6416,1,1
6417,7,7
6418,9,1
6419,0,0
6420,1,9
6421,8,7
6422,4,6
6423,3,4
6424,4,5
6425,0,8
6426,9,2
6427,1,1
6428,3,2
6429,2,5
6430,6,8
6431,1,1
6432,1,1
6433,0,8
6434,3,8
6435,8,0
6436,9,9
6437,8,0
6438,3,0
6439,3,4
6440,4,3
6441,4,3
6442,3,5
6443,6,6
6444,6,6
6445,3,3
6446,1,1
6447,6,4
6448,7,4
6449,7,7
6450,8,8
6451,0,0
6452,9,1
6453,4,4
6454,8,8
6455,6,4
6456,6,6
6457,2,2
6458,5,2
6459,6,2
6460,6,6
6461,3,3
6462,4,4
6463,0,0
6464,8,8
6465,1,1
6466,6,3
6467,5,8
6468,3,3
6469,8,8
6470,9,9
6471,1,1
6472,6,6
6473,9,1
6474,7,9
6475,4,8
6476,2,2
6477,0,0
6478,4,4
6479,3,7
6480,4,4
6481,0,0
6482,3,0
6483,7,7
6484,6,6
6485,8,8
6486,8,9
6487,4,8
6488,6,6
6489,4,2
6490,8,8
6491,8,8
6492,8,0
6493,1,1
6494,1,1
6495,2,0
6496,7,7
6497,6,7
6498,3,4
6499,9,4
6500,5,7
6501,4,7
6502,2,2
6503,6,6
6504,4,6
6505,7,7
6506,4,4
6507,5,5
6508,8,4
6509,0,0
6510,9,9
6511,7,4
6512,7,7
6513,3,2
6514,7,5
6515,3,3
6516,9,2
6517,5,2
6518,9,7
6519,6,6
6520,2,2
6521,6,6
6522,4,4
6523,9,9
6524,6,6
6525,8,8
6526,3,3
6527,9,8
6528,5,5
6529,5,5
6530,2,2
6531,5,3
6532,4,4
6533,5,5
6534,3,2
6535,7,7
6536,5,5
6537,1,1
6538,8,5
6539,4,3
6540,7,7
6541,8,8
6542,8,8
6543,9,9
6544,9,6
6545,8,0
6546,8,9
6547,2,2
6548,6,6
6549,0,0
6550,8,0
6551,1,1
6552,4,4
6553,1,1
6554,3,3
6555,5,5
6556,1,1
6557,8,8
6558,9,9
6559,6,6
6560,4,2
6561,6,6
6562,1,9
6563,5,5
6564,3,6
6565,5,5
6566,9,9
6567,4,1
6568,4,4
6569,5,2
6570,0,8
6571,9,9
6572,4,5
6573,7,4
6574,5,7
6575,8,0
6576,5,3
6577,3,7
6578,1,1
6579,6,6
6580,9,9
6581,1,1
6582,9,1
6583,4,4
6584,0,0
6585,5,5
6586,1,1
6587,6,6
6588,3,3
6589,0,0
6590,2,2
6591,7,5
6592,3,5
6593,5,5
6594,5,2
6595,0,8
6596,9,2
6597,5,3
6598,1,1
6599,4,6
6600,4,2
6601,7,7
6602,0,0
6603,8,8
6604,9,9
6605,5,2
6606,6,6
6607,1,4
6608,4,7
6609,7,5
6610,5,5
6611,8,8
6612,8,8
6613,5,7
6614,8,8
6615,4,5
6616,7,7
6617,4,4
6618,4,4
6619,0,0
6620,0,0
6621,3,7
6622,0,0
6623,4,4
6624,0,0
6625,4,4
6626,2,4
6627,2,2
6628,3,5
6629,4,4
6630,8,0
6631,7,7
6632,4,7
6633,5,7
6634,0,0
6635,0,4
6636,6,6
6637,0,2
6638,7,9
6639,9,1
6640,8,1
6641,4,5
6642,8,0
6643,9,9
6644,9,1
6645,8,0
6646,6,6
6647,5,5
6648,5,3
6649,0,0
6650,0,9
6651,0,0
6652,6,6
6653,2,2
6654,0,0
6655,7,4
6656,1,1
6657,3,6
6658,7,7
6659,6,6
6660,9,1
6661,0,0
6662,4,4
6663,2,6
6664,0,0
6665,4,4
6666,3,4
6667,4,2
6668,4,7
6669,6,6
6670,4,5
6671,6,3
6672,5,5
6673,9,9
6674,2,4
6675,5,5
6676,2,2
6677,2,0
6678,3,5
6679,5,7
6680,7,2
6681,3,3
6682,8,9
6683,4,4
6684,5,5
6685,8,8
6686,9,1
6687,8,9
6688,2,3
6689,9,1
6690,9,8
6691,2,5
6692,8,8
6693,6,6
6694,6,6
6695,4,3
6696,4,4
6697,0,0
6698,6,2
6699,6,3
6700,2,2
6701,2,6
6702,1,1
6703,1,8
6704,6,2
6705,9,1
6706,5,3
6707,4,6
6708,2,2
6709,2,2
6710,5,3
6711,2,3
6712,5,5
6713,4,0
6714,4,2
6715,1,1
6716,6,2
6717,8,8
6718,2,0
6719,8,8
6720,4,2
6721,4,2
6722,4,7
6723,5,3
6724,7,5
6725,9,9
6726,8,8
6727,5,3
6728,7,6
6729,1,1
6730,7,0
6731,2,8
6732,6,6
6733,2,3
6734,5,5
6735,8,8
6736,9,9
6737,1,4
6738,7,8
6739,0,0
6740,0,0
6741,2,2
6742,8,9
6743,1,1
6744,8,8
6745,3,3
6746,7,7
6747,5,2
6748,8,8
6749,2,0
6750,9,9
6751,6,4
6752,8,8
6753,9,9
6754,6,4
6755,8,8
6756,9,9
6757,9,5
6758,4,4
6759,8,8
6760,9,1
6761,5,5
6762,7,5
6763,7,7
6764,7,2
6765,8,5
6766,8,8
6767,8,8
6768,1,1
6769,2,2
6770,3,3
6771,1,1
6772,5,5
6773,0,0
6774,6,2
6775,3,3
6776,0,0
6777,8,8
6778,4,2
6779,6,2
6780,9,8
6781,7,7
6782,6,3
6783,4,5
6784,6,3
6785,9,9
6786,6,6
6787,5,3
6788,5,5
6789,1,1
6790,9,1
6791,5,7
6792,7,7
6793,4,3
6794,5,3
6795,8,8
6796,1,9
6797,6,6
6798,0,0
6799,8,8
6800,8,0
6801,6,6
6802,6,6
6803,4,4
6804,6,6
6805,2,9
6806,1,1
6807,1,1
6808,7,7
6809,8,0
6810,6,6
6811,8,8
6812,9,9
6813,9,0
6814,6,6
6815,9,9
6816,8,0
6817,8,1
6818,1,1
6819,7,7
6820,2,2
6821,1,1
6822,2,0
6823,4,4
6824,5,5
6825,0,0
6826,5,3
6827,4,6
6828,2,3
6829,6,3
6830,8,8
6831,1,1
6832,8,8
6833,9,1
6834,3,3
6835,9,1
6836,7,5
6837,4,4
6838,7,5
6839,1,1
6840,4,8
6841,9,9
6842,1,1
6843,3,3
6844,1,1
6845,7,7
6846,4,2
6847,9,9
6848,8,8
6849,8,9
6850,2,4
6851,6,6
6852,0,0
6853,7,9
6854,5,4
6855,4,0
6856,4,4
6857,6,6
6858,3,2
6859,1,1
6860,1,3
6861,0,0
6862,1,8
6863,3,5
6864,6,6
6865,0,0
6866,6,3
6867,6,4
6868,6,6
6869,1,9
6870,6,5
6871,7,7
6872,9,9
6873,6,0
6874,4,3
6875,6,6
6876,5,5
6877,3,7
6878,4,0
6879,5,5
6880,0,1
6881,2,2
6882,4,2
6883,9,9
6884,7,7
6885,0,0
6886,1,0
6887,1,1
6888,3,4
6889,4,4
6890,5,5
6891,3,5
6892,9,9
6893,6,6
6894,3,3
6895,6,6
6896,2,2
6897,6,6
6898,9,9
6899,3,3
6900,2,2
6901,3,3
6902,2,2
6903,4,4
6904,9,9
6905,5,5
6906,4,2
6907,1,1
6908,6,6
6909,6,6
6910,4,4
6911,7,7
6912,6,6
6913,4,3
6914,3,3
6915,2,8
6916,1,1
6917,4,4
6918,6,6
6919,4,4
6920,2,4
6921,4,5
6922,6,6
6923,6,2
6924,0,0
6925,5,5
6926,3,2
6927,7,7
6928,7,5
6929,2,2
6930,5,5
6931,0,2
6932,5,5
6933,1,9
6934,3,0
6935,6,6
6936,4,7
6937,9,9
6938,8,8
6939,3,3
6940,2,2
6941,1,1
6942,6,4
6943,0,3
6944,4,4
6945,5,5
6946,5,5
6947,6,6
6948,8,8
6949,6,6
6950,3,0
6951,0,8
6952,9,9
6953,8,8
6954,8,0
6955,7,7
6956,7,7
6957,6,6
6958,6,6
6959,6,7
6960,7,5
6961,9,9
6962,1,8
6963,7,7
6964,1,9
6965,5,5
6966,6,6
6967,0,0
6968,4,4
6969,8,8
6970,2,2
6971,0,0
6972,9,9
6973,1,1
6974,2,3
6975,9,9
6976,1,8
6977,3,3
6978,7,7
6979,1,4
6980,4,5
6981,0,0
6982,2,2
6983,1,1
6984,9,9
6985,1,1
6986,8,0
6987,7,5
6988,8,8
6989,5,4
6990,6,7
6991,3,3
6992,1,1
6993,3,4
6994,5,5
6995,3,3
6996,1,1
6997,8,0
6998,6,8
6999,8,8
7000,0,8
7001,8,2
7002,1,1
7003,6,3
7004,3,7
7005,0,3
7006,8,1
7007,6,6
7008,9,9
7009,1,1
7010,6,6
7011,0,0
7012,7,7
7013,7,7
7014,1,1
7015,0,3
7016,5,3
7017,3,3
7018,9,1
7019,0,0
7020,2,2
7021,9,7
7022,9,1
7023,2,2
7024,2,2
7025,9,9
7026,6,6
7027,3,3
7028,2,5
7029,9,9
7030,5,4
7031,8,8
7032,0,0
7033,4,4
7034,8,8
7035,0,0
7036,9,1
7037,5,3
7038,1,7
7039,8,0
7040,4,4
7041,0,7
7042,4,4
7043,8,8
7044,6,6
7045,4,4
7046,3,3
7047,1,9
7048,8,8
7049,2,2
7050,2,2
7051,8,8
7052,3,3
7053,1,1
7054,1,1
7055,0,2
7056,8,8
7057,3,2
7058,6,6
7059,9,9
7060,6,4
7061,8,8
7062,7,4
7063,4,4
7064,6,1
7065,5,5
7066,5,2
7067,6,6
7068,9,9
7069,7,2
7070,0,0
7071,4,7
7072,1,1
7073,8,8
7074,9,9
7075,7,3
7076,9,9
7077,9,9
7078,8,0
7079,7,7
7080,7,7
7081,7,5
7082,8,4
7083,2,2
7084,6,6
7085,4,4
7086,2,5
7087,7,7
7088,7,7
7089,8,8
7090,7,7
7091,4,2
7092,3,6
7093,6,2
7094,2,2
7095,4,4
7096,4,4
7097,0,0
7098,5,7
7099,1,1
7100,5,3
7101,8,9
7102,6,6
7103,2,0
7104,0,0
7105,2,2
7106,3,3
7107,8,8
7108,4,2
7109,9,2
7110,4,4
7111,3,3
7112,5,5
7113,0,2
7114,1,9
7115,1,1
7116,0,0
7117,4,0
7118,1,6
7119,5,5
7120,8,5
7121,3,7
7122,9,9
7123,9,9
7124,6,6
7125,4,5
7126,5,5
7127,8,0
7128,5,5
7129,5,7
7130,8,1
7131,6,6
7132,6,6
7133,4,4
7134,9,1
7135,6,4
7136,4,4
7137,9,1
7138,5,5
7139,0,0
7140,0,0
7141,9,4
7142,5,5
7143,8,8
7144,4,4
7145,8,8
7146,5,3
7147,9,0
7148,2,5
7149,9,0
7150,5,5
7151,6,3
7152,8,1
7153,3,6
7154,4,7
7155,0,0
7156,9,9
7157,1,1
7158,5,5
7159,7,7
7160,4,6
7161,5,5
7162,6,5
7163,2,5
7164,6,6
7165,0,0
7166,2,0
7167,1,1
7168,7,7
7169,5,5
7170,1,1
7171,9,9
7172,2,2
7173,6,4
7174,1,1
7175,6,3
7176,7,7
7177,8,8
7178,5,2
7179,0,0
7180,9,9
7181,6,6
7182,2,6
7183,8,0
7184,3,6
7185,4,5
7186,8,8
7187,1,2
7188,7,7
7189,7,4
7190,8,0
7191,2,2
7192,9,7
7193,0,7
7194,8,8
7195,8,8
7196,7,7
7197,0,0
7198,5,4
7199,9,9
7200,1,1
7201,3,4
7202,2,4
7203,3,3
7204,7,5
7205,4,4
7206,6,6
7207,2,2
7208,3,3
7209,1,1
7210,0,0
7211,3,3
7212,3,3
7213,6,3
7214,7,6
7215,5,3
7216,1,1
7217,2,2
7218,0,8
7219,8,9
7220,7,7
7221,4,9
7222,5,3
7223,8,8
7224,7,7
7225,7,3
7226,1,1
7227,4,7
7228,7,7
7229,0,3
7230,5,2
7231,2,2
7232,8,8
7233,1,9
7234,3,5
7235,1,9
7236,6,2
7237,1,1
7238,7,7
7239,7,4
7240,4,4
7241,8,0
7242,4,5
7243,6,7
7244,1,1
7245,5,5
7246,4,4
7247,0,0
7248,8,8
7249,4,4
7250,9,9
7251,1,8
7252,7,7
7253,8,8
7254,4,4
7255,2,2
7256,5,3
7257,4,4
7258,0,0
7259,5,5
7260,4,4
7261,9,1
7262,8,8
7263,3,2
7264,7,5
7265,4,4
7266,5,5
7267,4,2
7268,6,5
7269,3,3
7270,7,7
7271,1,9
7272,7,7
7273,1,1
7274,4,4
7275,1,1
7276,5,3
7277,1,1
7278,4,4
7279,5,5
7280,5,5
7281,8,1
7282,5,7
7283,1,1
7284,4,3
7285,8,0
7286,9,1
7287,4,2
7288,5,5
7289,7,7
7290,0,0
7291,6,6
7292,3,3
7293,4,5
7294,7,7
7295,7,5
7296,3,5
7297,8,8
7298,9,9
7299,4,4
7300,6,6
7301,4,3
7302,6,6
7303,6,6
7304,4,8
7305,5,2
7306,6,6
7307,7,4
7308,8,8
7309,4,4
7310,1,1
7311,3,3
7312,8,1
7313,2,2
7314,3,3
7315,6,3
7316,2,0
7317,1,1
7318,6,6
7319,7,4
7320,4,2
7321,8,8
7322,2,2
7323,4,4
7324,5,3
7325,9,1
7326,4,4
7327,4,4
7328,4,4
7329,4,4
7330,9,1
7331,4,5
7332,5,5
7333,5,7
7334,6,6
7335,5,5
7336,4,4
7337,4,5
7338,6,6
7339,5,5
7340,6,6
7341,2,2
7342,4,4
7343,5,7
7344,2,7
7345,6,4
7346,6,6
7347,5,5
7348,0,0
7349,6,2
7350,3,3
7351,9,9
7352,2,2
7353,3,3
7354,8,8
7355,0,0
7356,7,7
7357,3,0
7358,8,6
7359,8,8
7360,1,1
7361,7,2
7362,8,8
7363,9,9
7364,1,1
7365,4,5
7366,4,4
7367,2,2
7368,5,3
7369,5,5
7370,5,5
7371,8,3
7372,6,6
7373,5,5
7374,0,0
7375,7,3
7376,8,2
7377,1,1
7378,5,3
7379,5,3
7380,7,7
7381,7,7
7382,4,4
7383,8,9
7384,4,4
7385,5,3
7386,9,9
7387,4,5
7388,6,1
7389,7,7
7390,5,6
7391,3,6
7392,4,4
7393,1,8
7394,5,5
7395,1,1
7396,3,2
7397,8,8
7398,4,4
7399,7,5
7400,3,3
7401,5,3
7402,3,3
7403,8,0
7404,4,4
7405,8,8
7406,7,7
7407,4,7
7408,9,9
7409,3,4
7410,8,8
7411,4,4
7412,5,5
7413,9,9
7414,6,1
7415,0,8
7416,1,3
7417,7,1
7418,3,3
7419,9,8
7420,9,0
7421,2,3
7422,5,5
7423,7,4
7424,6,6
7425,9,9
7426,2,2
7427,7,7
7428,4,2
7429,0,0
7430,3,5
7431,6,2
7432,0,9
7433,7,7
7434,3,5
7435,0,0
7436,9,7
7437,8,0
7438,7,3
7439,5,5
7440,4,5
7441,6,3
7442,8,8
7443,7,7
7444,2,7
7445,9,9
7446,6,6
7447,2,5
7448,0,8
7449,1,9
7450,2,0
7451,1,1
7452,1,9
7453,4,4
7454,1,0
7455,0,0
7456,1,1
7457,7,7
7458,7,2
7459,5,2
7460,8,8
7461,5,5
7462,2,9
7463,1,8
7464,2,2
7465,8,8
7466,0,0
7467,6,6
7468,6,6
7469,8,8
7470,4,6
7471,9,9
7472,3,6
7473,1,1
7474,1,1
7475,5,5
7476,5,3
7477,6,5
7478,0,0
7479,7,7
7480,6,6
7481,1,1
7482,7,4
7483,4,4
7484,1,1
7485,1,1
7486,8,8
7487,9,1
7488,1,1
7489,2,2
7490,4,3
7491,4,4
7492,9,9
7493,1,9
7494,5,5
7495,2,2
7496,7,7
7497,4,3
7498,1,3
7499,6,6
7500,9,9
7501,6,6
7502,1,9
7503,8,8
7504,8,8
7505,3,6
7506,7,7
7507,4,4
7508,5,7
7509,2,2
7510,7,3
7511,4,8
7512,0,0
7513,9,9
7514,9,0
7515,7,7
7516,8,8
7517,1,1
7518,5,2
7519,6,3
7520,8,2
7521,4,4
7522,4,2
7523,9,9
7524,0,0
7525,4,3
7526,8,8
7527,9,9
7528,6,6
7529,5,5
7530,5,5
7531,0,2
7532,5,4
7533,1,1
7534,0,0
7535,6,6
7536,1,1
7537,1,8
7538,4,4
7539,3,5
7540,2,5
7541,5,5
7542,0,0
7543,3,8
7544,9,9
7545,0,0
7546,2,5
7547,7,7
7548,9,9
7549,6,6
7550,5,3
7551,4,4
7552,2,6
7553,7,4
7554,9,9
7555,5,7
7556,1,1
7557,2,2
7558,5,5
7559,7,2
7560,1,8
7561,9,0
7562,2,2
7563,3,2
7564,9,9
7565,8,8
7566,1,1
7567,7,9
7568,7,7
7569,7,7
7570,6,3
7571,1,1
7572,6,4
7573,9,1
7574,0,1
7575,7,3
7576,8,8
7577,8,8
7578,8,1
7579,9,9
7580,3,3
7581,8,8
7582,9,9
7583,2,5
7584,1,1
7585,1,1
7586,6,6
7587,9,2
7588,5,7
7589,5,2
7590,4,6
7591,4,2
7592,6,6
7593,9,9
7594,6,6
7595,7,0
7596,9,1
7597,5,3
7598,1,9
7599,5,3
7600,8,8
7601,9,8
7602,8,8
7603,6,2
7604,9,9
7605,1,1
7606,6,2
7607,2,6
7608,8,0
7609,3,5
7610,9,0
7611,5,7
7612,7,7
7613,7,7
7614,9,9
7615,4,4
7616,3,5
7617,0,0
7618,8,2
7619,3,3
7620,4,5
7621,4,5
7622,8,8
7623,9,9
7624,1,1
7625,4,2
7626,9,7
7627,1,1
7628,5,3
7629,4,4
7630,6,6
7631,9,9
7632,1,1
7633,7,0
7634,9,7
7635,1,1
7636,9,9
7637,5,5
7638,1,8
7639,1,1
7640,9,9
7641,9,9
7642,6,7
7643,9,9
7644,1,8
7645,5,3
7646,3,0
7647,5,2
7648,6,6
7649,0,0
7650,5,2
7651,2,2
7652,4,4
7653,0,0
7654,8,8
7655,4,4
7656,8,8
7657,1,1
7658,7,2
7659,7,7
7660,5,2
7661,6,7
7662,9,9
7663,5,5
7664,2,2
7665,2,2
7666,1,9
7667,7,2
7668,6,6
7669,5,5
7670,7,7
7671,2,2
7672,3,5
7673,6,6
7674,6,5
7675,9,1
7676,3,8
7677,6,2
7678,6,6
7679,8,8
7680,6,6
7681,3,3
7682,0,0
7683,8,8
7684,0,0
7685,2,0
7686,0,9
7687,7,9
7688,4,6
7689,8,8
7690,8,0
7691,6,6
7692,6,6
7693,0,0
7694,7,7
7695,9,9
7696,8,8
7697,0,0
7698,4,5
7699,0,0
7700,9,9
7701,6,6
7702,0,0
7703,4,4
7704,7,7
7705,1,1
7706,7,7
7707,8,8
7708,8,8
7709,2,2
7710,6,3
7711,1,9
7712,2,6
7713,5,5
7714,0,5
7715,5,3
7716,1,1
7717,5,5
7718,3,3
7719,0,0
7720,5,2
7721,5,5
7722,6,2
7723,5,7
7724,6,3
7725,8,8
7726,4,4
7727,1,4
7728,6,6
7729,1,1
7730,9,9
7731,6,4
7732,9,1
7733,7,7
7734,0,0
7735,5,1
7736,0,4
7737,3,3
7738,8,0
7739,4,2
7740,9,9
7741,6,4
7742,5,5
7743,0,0
7744,3,3
7745,6,4
7746,7,7
7747,0,2
7748,2,3
7749,0,0
7750,1,1
7751,6,3
7752,4,7
7753,9,9
7754,9,9
7755,0,0
7756,7,7
7757,5,5
7758,6,6
7759,7,7
7760,1,1
7761,9,2
7762,3,2
7763,7,7
7764,6,4
7765,6,6
7766,8,8
7767,4,4
7768,9,9
7769,8,8
7770,7,4
7771,9,9
7772,0,2
7773,2,3
7774,4,4
7775,0,0
7776,2,2
7777,5,5
7778,6,6
7779,1,0
7780,7,5
7781,8,3
7782,5,5
7783,8,8
7784,5,3
7785,2,7
7786,4,4
7787,9,9
7788,7,5
7789,6,6
7790,3,3
7791,8,8
7792,6,6
7793,9,9
7794,8,8
7795,6,5
7796,4,5
7797,8,8
7798,7,3
7799,5,5
7800,9,9
7801,0,0
7802,4,4
7803,5,2
7804,8,0
7805,7,5
7806,9,9
7807,9,9
7808,3,3
7809,9,8
7810,7,0
7811,6,6
7812,0,0
7813,6,2
7814,2,3
7815,7,7
7816,8,0
7817,9,0
7818,3,6
7819,9,9
7820,1,1
7821,1,5
7822,0,2
7823,2,2
7824,7,7
7825,9,9
7826,6,3
7827,9,9
7828,4,3
7829,5,5
7830,0,2
7831,4,2
7832,2,2
7833,8,8
7834,8,8
7835,4,5
7836,0,0
7837,0,0
7838,7,7
7839,0,0
7840,9,3
7841,1,1
7842,6,6
7843,9,5
7844,0,0
7845,9,9
7846,3,2
7847,3,6
7848,7,7
7849,2,4
7850,0,2
7851,8,0
7852,0,0
7853,7,5
7854,5,3
7855,3,3
7856,2,2
7857,4,6
7858,6,4
7859,5,2
7860,7,7
7861,1,8
7862,4,0
7863,1,1
7864,0,0
7865,1,1
7866,3,3
7867,6,6
7868,4,4
7869,8,8
7870,0,0
7871,6,6
7872,0,0
7873,9,9
7874,8,1
7875,4,6
7876,2,2
7877,1,1
7878,0,0
7879,1,1
7880,3,3
7881,0,0
7882,4,3
7883,7,7
7884,9,9
7885,9,9
7886,9,3
7887,7,7
7888,5,5
7889,7,7
7890,1,1
7891,6,6
7892,6,6
7893,9,1
7894,1,1
7895,1,1
7896,6,4
7897,3,4
7898,9,2
7899,1,1
7900,7,7
7901,0,0
7902,1,1
7903,5,2
7904,1,1
7905,1,1
7906,7,3
7907,4,2
7908,6,6
7909,9,9
7910,9,1
7911,5,3
7912,5,2
7913,2,0
7914,0,8
7915,7,7
7916,3,3
7917,4,4
7918,6,6
7919,7,4
7920,6,6
7921,9,9
7922,4,4
7923,8,8
7924,7,9
7925,5,3
7926,0,0
7927,5,5
7928,7,7
7929,5,2
7930,0,0
7931,0,2
7932,4,9
7933,0,9
7934,6,3
7935,8,8
7936,4,7
7937,1,1
7938,1,1
7939,2,2
7940,2,2
7941,2,2
7942,4,5
7943,9,9
7944,3,1
7945,2,2
7946,6,6
7947,9,1
7948,3,2
7949,1,1
7950,1,8
7951,1,9
7952,2,2
7953,1,3
7954,1,1
7955,9,9
7956,9,9
7957,3,4
7958,7,4
7959,3,5
7960,0,5
7961,0,0
7962,6,3
7963,5,3
7964,7,7
7965,1,1
7966,7,7
7967,7,7
7968,4,9
7969,8,8
7970,1,6
7971,5,3
7972,5,5
7973,5,5
7974,1,1
7975,4,6
7976,7,2
7977,4,7
7978,8,8
7979,8,4
7980,3,3
7981,3,3
7982,5,5
7983,9,9
7984,0,6
7985,8,8
7986,5,5
7987,8,1
7988,0,0
7989,6,6
7990,4,7
7991,4,0
7992,9,9
7993,6,6
7994,6,2
7995,0,0
7996,8,8
7997,7,7
7998,0,1
7999,3,2
8000,6,6
8001,9,9
8002,1,1
8003,6,6
8004,6,4
8005,3,7
8006,1,1
8007,7,9
8008,0,0
8009,0,0
8010,6,5
8011,2,2
8012,8,8
8013,3,3
8014,8,8
8015,2,2
8016,8,8
8017,4,4
8018,0,0
8019,0,8
8020,6,3
8021,4,6
8022,1,1
8023,5,2
8024,5,3
8025,0,0
8026,3,5
8027,8,0
8028,4,4
8029,1,1
8030,7,7
8031,0,2
8032,8,0
8033,1,1
8034,3,3
8035,7,9
8036,9,1
8037,6,6
8038,1,1
8039,6,6
8040,1,1
8041,2,2
8042,1,8
8043,7,7
8044,2,0
8045,9,9
8046,5,5
8047,8,8
8048,0,0
8049,8,0
8050,1,1
8051,5,7
8052,9,9
8053,7,7
8054,1,1
8055,9,9
8056,4,2
8057,1,1
8058,9,9
8059,7,4
8060,3,3
8061,6,6
8062,8,0
8063,4,2
8064,0,0
8065,0,0
8066,9,9
8067,0,9
8068,8,8
8069,1,9
8070,2,4
8071,5,5
8072,5,4
8073,3,3
8074,0,0
8075,9,7
8076,8,8
8077,7,7
8078,1,3
8079,7,7
8080,3,5
8081,4,4
8082,6,6
8083,5,5
8084,9,9
8085,5,5
8086,2,2
8087,9,4
8088,7,2
8089,7,7
8090,9,9
8091,6,6
8092,0,7
8093,5,4
8094,7,7
8095,9,1
8096,2,2
8097,3,3
8098,1,1
8099,9,1
8100,3,3
8101,6,6
8102,9,8
8103,3,3
8104,7,7
8105,3,7
8106,0,0
8107,8,8
8108,1,1
8109,5,5
8110,6,2
8111,6,5
8112,5,5
8113,6,3
8114,6,6
8115,3,3
8116,3,5
8117,9,9
8118,0,8
8119,8,4
8120,3,6
8121,8,8
8122,0,0
8123,5,4
8124,1,1
8125,7,7
8126,1,8
8127,5,4
8128,9,9
8129,5,7
8130,4,2
8131,6,6
8132,2,3
8133,8,8
8134,8,8
8135,6,6
8136,3,7
8137,2,3
8138,8,8
8139,1,1
8140,1,1
8141,5,5
8142,3,3
8143,7,7
8144,9,9
8145,9,9
8146,8,9
8147,8,8
8148,3,5
8149,4,9
8150,9,9
8151,6,6
8152,8,8
8153,8,8
8154,9,4
8155,1,8
8156,1,1
8157,0,0
8158,1,1
8159,8,8
8160,8,8
8161,1,6
8162,3,5
8163,9,9
8164,0,0
8165,6,6
8166,1,1
8167,4,2
8168,6,6
8169,6,6
8170,6,3
8171,5,5
8172,3,6
8173,2,5
8174,5,5
8175,3,3
8176,3,3
8177,6,6
8178,8,8
8179,9,9
8180,4,4
8181,4,4
8182,8,3
8183,4,8
8184,5,3
8185,6,6
8186,8,0
8187,8,8
8188,5,5
8189,7,7
8190,8,8
8191,4,4
8192,6,6
8193,3,5
8194,5,3
8195,1,1
8196,8,8
8197,9,3
8198,8,0
8199,6,4
8200,7,4
8201,6,3
8202,9,3
8203,7,5
8204,3,3
8205,6,3
8206,2,2
8207,7,7
8208,7,7
8209,9,8
8210,4,2
8211,0,0
8212,5,5
8213,6,5
8214,6,6
8215,9,1
8216,1,1
8217,3,3
8218,9,9
8219,3,9
8220,6,3
8221,2,6
8222,7,7
8223,8,1
8224,8,8
8225,3,3
8226,9,9
8227,8,8
8228,4,7
8229,8,8
8230,2,8
8231,0,0
8232,9,3
8233,5,2
8234,3,4
8235,1,8
8236,7,7
8237,6,5
8238,7,7
8239,1,1
8240,8,8
8241,7,7
8242,3,3
8243,7,5
8244,4,4
8245,4,4
8246,5,3
8247,8,8
8248,6,6
8249,1,1
8250,8,1
8251,6,6
8252,6,3
8253,2,2
8254,2,2
8255,9,8
8256,9,9
8257,8,8
8258,3,3
8259,3,3
8260,1,8
8261,1,1
8262,1,1
8263,8,0
8264,3,5
8265,2,2
8266,0,0
8267,2,5
8268,9,0
8269,7,5
8270,8,8
8271,6,6
8272,3,3
8273,9,9
8274,6,6
8275,6,6
8276,3,3
8277,8,9
8278,4,4
8279,9,8
8280,3,3
8281,4,4
8282,5,3
8283,9,1
8284,1,1
8285,4,2
8286,9,9
8287,5,7
8288,8,8
8289,5,5
8290,7,5
8291,8,8
8292,7,6
8293,9,9
8294,3,0
8295,8,8
8296,3,3
8297,3,5
8298,1,1
8299,2,3
8300,3,3
8301,5,5
8302,4,5
8303,6,3
8304,0,8
8305,2,1
8306,6,4
8307,2,6
8308,4,4
8309,5,2
8310,4,4
8311,3,3
8312,8,8
8313,7,9
8314,6,6
8315,6,6
8316,4,6
8317,4,5
8318,3,5
8319,1,2
8320,7,7
8321,9,7
8322,4,4
8323,6,4
8324,9,9
8325,3,3
8326,8,8
8327,2,3
8328,0,7
8329,7,7
8330,8,8
8331,5,5
8332,3,3
8333,9,9
8334,1,1
8335,6,6
8336,3,7
8337,5,3
8338,5,3
8339,2,3
8340,8,8
8341,3,5
8342,4,6
8343,9,1
8344,3,3
8345,7,7
8346,4,9
8347,5,6
8348,1,1
8349,6,6
8350,7,4
8351,9,9
8352,2,0
8353,5,5
8354,7,7
8355,4,4
8356,9,9
8357,1,1
8358,0,0
8359,0,0
8360,2,2
8361,4,7
8362,1,8
8363,5,3
8364,4,2
8365,9,7
8366,6,6
8367,1,1
8368,6,6
8369,6,6
8370,4,4
8371,6,4
8372,0,2
8373,5,1
8374,9,8
8375,4,4
8376,6,4
8377,7,7
8378,8,8
8379,5,5
8380,8,8
8381,9,9
8382,4,4
8383,5,3
8384,1,2
8385,9,2
8386,1,9
8387,3,3
8388,8,0
8389,1,1
8390,1,1
8391,1,1
8392,1,1
8393,6,6
8394,8,8
8395,7,7
8396,1,1
8397,3,3
8398,4,0
8399,6,4
8400,7,5
8401,0,0
8402,5,3
8403,8,0
8404,6,6
8405,2,2
8406,2,0
8407,1,9
8408,8,8
8409,6,6
8410,8,8
8411,3,5
8412,8,8
8413,4,2
8414,1,9
8415,6,6
8416,0,0
8417,4,6
8418,1,1
8419,8,8
8420,0,7
8421,6,3
8422,2,2
8423,9,2
8424,6,6
8425,5,5
8426,4,6
8427,9,9
8428,4,2
8429,4,5
8430,4,4
8431,8,9
8432,8,8
8433,5,5
8434,5,3
8435,9,9
8436,9,3
8437,5,5
8438,4,7
8439,3,1
8440,4,8
8441,3,5
8442,8,8
8443,6,6
8444,7,2
8445,6,5
8446,0,1
8447,3,3
8448,7,0
8449,4,4
8450,1,1
8451,1,9
8452,4,5
8453,6,4
8454,1,9
8455,4,2
8456,1,1
8457,4,4
8458,4,2
8459,5,5
8460,9,9
8461,8,8
8462,7,7
8463,4,2
8464,8,1
8465,6,6
8466,1,9
8467,9,7
8468,3,3
8469,6,6
8470,3,5
8471,1,8
8472,0,0
8473,2,2
8474,0,2
8475,4,4
8476,6,9
8477,1,0
8478,5,5
8479,6,5
8480,4,4
8481,4,2
8482,6,3
8483,1,1
8484,0,0
8485,2,3
8486,0,0
8487,7,4
8488,3,4
8489,7,9
8490,1,1
8491,6,3
8492,7,3
8493,0,0
8494,2,2
8495,0,1
8496,1,1
8497,0,0
8498,7,4
8499,1,1
8500,9,9
8501,4,4
8502,8,8
8503,1,1
8504,8,1
8505,1,1
8506,5,5
8507,9,9
8508,8,8
8509,1,1
8510,1,6
8511,7,7
8512,2,2
8513,1,9
8514,1,9
8515,7,7
8516,8,8
8517,4,8
8518,1,1
8519,9,9
8520,7,7
8521,4,8
8522,8,9
8523,1,1
8524,6,6
8525,6,6
8526,6,3
8527,3,3
8528,1,1
8529,9,3
8530,8,0
8531,1,8
8532,1,8
8533,2,3
8534,6,6
8535,6,6
8536,7,7
8537,9,1
8538,0,0
8539,5,7
8540,6,6
8541,4,4
8542,1,8
8543,6,2
8544,0,0
8545,6,6
8546,6,6
8547,8,8
8548,6,6
8549,6,3
8550,1,1
8551,1,1
8552,8,8
8553,6,6
8554,4,7
8555,0,0
8556,5,5
8557,4,4
8558,3,3
8559,6,2
8560,1,1
8561,4,7
8562,0,8
8563,4,2
8564,7,0
8565,1,1
8566,7,7
8567,0,4
8568,8,8
8569,7,7
8570,6,6
8571,6,6
8572,7,7
8573,0,0
8574,3,6
8575,4,4
8576,9,9
8577,2,2
8578,2,3
8579,5,2
8580,1,1
8581,3,3
8582,8,8
8583,6,6
8584,8,8
8585,1,1
8586,9,9
8587,4,6
8588,7,7
8589,6,6
8590,5,5
8591,0,0
8592,6,6
8593,0,0
8594,1,1
8595,3,3
8596,1,1
8597,1,1
8598,5,5
8599,6,3
8600,4,4
8601,3,3
8602,2,3
8603,8,8
8604,1,1
8605,0,6
8606,2,6
8607,1,1
8608,8,8
8609,8,8
8610,6,6
8611,2,2
8612,7,7
8613,4,4
8614,6,6
8615,8,8
8616,9,9
8617,6,3
8618,4,3
8619,3,5
8620,5,5
8621,2,3
8622,1,1
8623,4,4
8624,1,1
8625,4,9
8626,5,5
8627,1,1
8628,7,7
8629,4,7
8630,7,7
8631,2,5
8632,6,2
8633,3,3
8634,2,3
8635,5,6
8636,6,6
8637,4,6
8638,4,4
8639,8,0
8640,9,7
8641,1,1
8642,5,7
8643,3,3
8644,0,0
8645,9,8
8646,1,1
8647,5,2
8648,4,4
8649,1,1
8650,5,2
8651,5,2
8652,2,4
8653,9,9
8654,1,8
8655,3,2
8656,8,8
8657,7,7
8658,3,6
8659,3,3
8660,0,4
8661,3,7
8662,2,2
8663,5,3
8664,1,1
8665,5,5
8666,3,3
8667,0,0
8668,7,4
8669,6,3
8670,3,4
8671,9,9
8672,3,4
8673,5,7
8674,9,9
8675,1,1
8676,7,7
8677,0,8
8678,5,3
8679,1,1
8680,8,8
8681,3,3
8682,0,2
8683,3,5
8684,7,7
8685,3,2
8686,7,7
8687,9,9
8688,6,6
8689,2,8
8690,6,6
8691,8,8
8692,4,6
8693,5,5
8694,9,9
8695,8,0
8696,4,4
8697,8,8
8698,5,5
8699,5,6
8700,6,4
8701,5,3
8702,8,8
8703,0,0
8704,4,4
8705,8,8
8706,2,6
8707,7,7
8708,8,2
8709,3,7
8710,1,1
8711,4,7
8712,4,4
8713,1,1
8714,2,2
8715,6,4
8716,0,2
8717,7,2
8718,8,8
8719,7,7
8720,7,2
8721,0,2
8722,4,6
8723,7,7
8724,7,5
8725,6,6
8726,8,8
8727,9,9
8728,8,9
8729,6,6
8730,3,5
8731,3,2
8732,9,9
8733,1,8
8734,7,7
8735,2,2
8736,3,3
8737,6,3
8738,4,7
8739,4,4
8740,6,3
8741,5,2
8742,2,1
8743,9,9
8744,8,0
8745,9,1
8746,5,5
8747,3,3
8748,2,2
8749,6,6
8750,5,5
8751,5,9
8752,3,1
8753,5,5
8754,7,4
8755,3,3
8756,6,6
8757,9,2
8758,6,8
8759,7,9
8760,7,7
8761,8,8
8762,0,0
8763,8,8
8764,9,9
8765,8,1
8766,2,2
8767,5,5
8768,7,7
8769,6,2
8770,0,0
8771,3,6
8772,6,6
8773,1,1
8774,4,6
8775,4,3
8776,1,1
8777,5,5
8778,8,0
8779,7,3
8780,6,7
8781,7,4
8782,8,6
8783,5,5
8784,6,6
8785,4,4
8786,0,8
8787,3,3
8788,4,4
8789,3,5
8790,5,5
8791,8,0
8792,4,6
8793,6,6
8794,7,7
8795,3,5
8796,0,0
8797,9,9
8798,9,9
8799,6,6
8800,1,1
8801,0,0
8802,7,4
8803,6,6
8804,6,3
8805,6,6
8806,1,9
8807,2,3
8808,6,6
8809,6,6
8810,5,8
8811,2,2
8812,9,1
8813,0,0
8814,8,1
8815,1,9
8816,2,3
8817,4,7
8818,5,4
8819,3,3
8820,0,0
8821,2,2
8822,4,7
8823,6,6
8824,7,4
8825,2,3
8826,9,0
8827,8,8
8828,2,2
8829,1,0
8830,0,0
8831,9,9
8832,6,6
8833,4,6
8834,3,6
8835,8,8
8836,7,7
8837,4,4
8838,1,1
8839,8,8
8840,1,1
8841,1,2
8842,0,2
8843,4,4
8844,5,8
8845,1,5
8846,2,2
8847,6,6
8848,4,5
8849,4,3
8850,9,9
8851,1,1
8852,0,0
8853,7,7
8854,4,2
8855,8,4
8856,7,4
8857,0,0
8858,0,0
8859,4,6
8860,4,2
8861,2,2
8862,4,4
8863,8,0
8864,4,5
8865,9,9
8866,7,7
8867,1,1
8868,8,8
8869,6,4
8870,3,5
8871,5,5
8872,9,9
8873,9,8
8874,5,5
8875,3,7
8876,6,8
8877,9,0
8878,9,9
8879,8,8
8880,9,9
8881,1,1
8882,6,6
8883,4,3
8884,1,8
8885,4,0
8886,3,3
8887,4,4
8888,7,4
8889,8,8
8890,4,4
8891,8,8
8892,9,9
8893,8,8
8894,6,6
8895,8,0
8896,0,0
8897,8,8
8898,2,2
8899,0,7
8900,4,4
8901,4,2
8902,7,5
8903,6,6
8904,0,0
8905,5,5
8906,8,8
8907,5,4
8908,1,1
8909,3,9
8910,0,0
8911,1,1
8912,4,4
8913,5,4
8914,8,8
8915,4,4
8916,9,9
8917,6,6
8918,0,0
8919,0,7
8920,4,7
8921,6,6
8922,0,8
8923,9,9
8924,6,6
8925,2,2
8926,0,0
8927,4,4
8928,9,9
8929,2,4
8930,1,9
8931,3,3
8932,9,9
8933,2,6
8934,6,6
8935,5,7
8936,0,0
8937,5,9
8938,4,7
8939,1,1
8940,3,8
8941,7,6
8942,0,0
8943,6,6
8944,4,7
8945,9,4
8946,1,1
8947,9,9
8948,4,4
8949,6,6
8950,7,7
8951,9,9
8952,8,8
8953,6,3
8954,9,9
8955,4,2
8956,9,1
8957,8,2
8958,5,7
8959,6,6
8960,1,1
8961,8,0
8962,0,0
8963,9,5
8964,6,6
8965,8,0
8966,4,4
8967,5,3
8968,2,2
8969,8,8
8970,8,8
8971,9,0
8972,6,6
8973,2,9
8974,3,5
8975,6,2
8976,8,8
8977,7,7
8978,8,0
8979,6,6
8980,5,5
8981,9,9
8982,4,7
8983,2,2
8984,5,3
8985,6,6
8986,0,9
8987,6,6
8988,3,2
8989,6,2
8990,5,4
8991,1,1
8992,0,0
8993,5,5
8994,7,0
8995,8,8
8996,9,9
8997,9,3
8998,2,5
8999,9,9
9000,7,3
9001,8,8
9002,1,1
9003,3,6
9004,4,3
9005,7,7
9006,5,5
9007,6,6
9008,2,2
9009,0,0
9010,2,2
9011,8,8
9012,6,2
9013,8,8
9014,7,7
9015,3,7
9016,8,8
9017,1,1
9018,0,0
9019,7,8
9020,9,9
9021,9,7
9022,0,0
9023,5,3
9024,8,8
9025,0,0
9026,4,5
9027,9,9
9028,6,5
9029,8,8
9030,7,4
9031,2,2
9032,0,0
9033,9,9
9034,2,2
9035,4,2
9036,3,4
9037,7,4
9038,9,9
9039,4,2
9040,3,2
9041,5,2
9042,7,5
9043,1,1
9044,8,3
9045,6,2
9046,0,0
9047,8,0
9048,4,4
9049,1,0
9050,6,6
9051,3,5
9052,8,8
9053,0,0
9054,5,5
9055,8,8
9056,6,6
9057,4,4
9058,2,8
9059,7,5
9060,5,2
9061,1,9
9062,7,7
9063,1,9
9064,7,7
9065,9,1
9066,0,0
9067,1,1
9068,9,9
9069,6,6
9070,1,9
9071,4,2
9072,0,7
9073,9,9
9074,4,4
9075,2,4
9076,0,0
9077,6,6
9078,2,2
9079,4,4
9080,1,1
9081,3,3
9082,7,7
9083,3,2
9084,8,8
9085,5,5
9086,1,9
9087,0,0
9088,2,3
9089,6,2
9090,3,3
9091,7,2
9092,7,7
9093,4,6
9094,3,3
9095,2,2
9096,5,5
9097,9,9
9098,0,0
9099,3,5
9100,9,9
9101,9,9
9102,8,8
9103,7,7
9104,7,7
9105,4,4
9106,0,8
9107,6,6
9108,2,5
9109,4,2
9110,3,3
9111,1,1
9112,0,0
9113,4,4
9114,0,1
9115,8,8
9116,8,8
9117,4,4
9118,9,9
9119,3,4
9120,4,4
9121,5,3
9122,3,3
9123,9,9
9124,2,2
9125,0,0
9126,1,1
9127,1,1
9128,8,8
9129,4,4
9130,4,4
9131,1,8
9132,5,3
9133,1,2
9134,8,9
9135,5,5
9136,7,7
9137,6,6
9138,2,2
9139,5,5
9140,4,4
9141,9,7
9142,3,3
9143,9,3
9144,8,9
9145,0,0
9146,1,1
9147,5,5
9148,1,9
9149,3,3
9150,0,7
9151,6,6
9152,0,0
9153,4,4
9154,2,2
9155,2,2
9156,5,5
9157,6,6
9158,5,3
9159,8,8
9160,9,9
9161,6,5
9162,6,6
9163,1,1
9164,4,4
9165,5,5
9166,4,4
9167,6,6
9168,7,7
9169,2,2
9170,8,1
9171,9,0
9172,4,2
9173,0,0
9174,7,4
9175,7,9
9176,8,8
9177,3,8
9178,1,9
9179,1,1
9180,1,1
9181,5,5
9182,0,0
9183,0,0
9184,8,8
9185,4,7
9186,1,1
9187,7,7
9188,4,4
9189,3,5
9190,2,4
9191,3,3
9192,5,3
9193,2,2
9194,6,0
9195,6,6
9196,6,6
9197,0,0
9198,1,1
9199,3,3
9200,9,9
9201,8,8
9202,3,3
9203,7,7
9204,8,8
9205,9,9
9206,4,4
9207,8,8
9208,9,9
9209,8,0
9210,1,9
9211,7,7
9212,1,1
9213,6,6
9214,7,2
9215,9,9
9216,3,5
9217,7,6
9218,8,9
9219,3,3
9220,9,9
9221,8,8
9222,6,7
9223,9,7
9224,1,1
9225,6,6
9226,3,5
9227,3,3
9228,9,1
9229,3,3
9230,1,1
9231,7,2
9232,3,7
9233,1,1
9234,8,8
9235,6,2
9236,3,0
9237,9,9
9238,3,7
9239,9,9
9240,8,8
9241,8,8
9242,6,6
9243,7,7
9244,5,3
9245,7,7
9246,1,1
9247,6,3
9248,9,9
9249,8,0
9250,9,9
9251,5,3
9252,6,6
9253,6,7
9254,9,2
9255,6,7
9256,3,3
9257,0,0
9258,3,5
9259,9,9
9260,7,7
9261,5,5
9262,5,5
9263,3,0
9264,6,6
9265,5,5
9266,1,1
9267,8,8
9268,1,2
9269,6,7
9270,3,5
9271,9,9
9272,0,0
9273,0,0
9274,6,0
9275,8,8
9276,8,8
9277,7,7
9278,6,3
9279,3,7
9280,8,8
9281,1,9
9282,7,3
9283,2,7
9284,9,9
9285,7,7
9286,8,8
9287,7,7
9288,9,9
9289,9,8
9290,5,5
9291,4,4
9292,4,8
9293,8,3
9294,4,7
9295,9,6
9296,5,3
9297,1,8
9298,2,2
9299,1,1
9300,1,9
9301,4,5
9302,5,7
9303,8,3
9304,1,9
9305,7,5
9306,7,5
9307,8,8
9308,7,7
9309,3,3
9310,1,5
9311,3,3
9312,3,5
9313,9,9
9314,7,7
9315,6,6
9316,7,7
9317,4,3
9318,3,6
9319,4,4
9320,6,3
9321,9,9
9322,4,4
9323,3,2
9324,1,1
9325,9,9
9326,6,6
9327,0,0
9328,6,2
9329,6,6
9330,4,7
9331,4,4
9332,7,7
9333,9,9
9334,0,0
9335,7,7
9336,7,4
9337,5,3
9338,9,5
9339,3,3
9340,8,1
9341,1,1
9342,3,2
9343,6,6
9344,8,8
9345,5,2
9346,9,1
9347,5,7
9348,8,8
9349,5,5
9350,8,9
9351,4,6
9352,9,1
9353,1,1
9354,5,5
9355,0,0
9356,8,6
9357,0,0
9358,9,9
9359,2,2
9360,2,6
9361,0,5
9362,1,8
9363,9,9
9364,5,5
9365,5,5
9366,6,6
9367,9,2
9368,9,9
9369,1,1
9370,9,5
9371,8,8
9372,0,8
9373,7,7
9374,1,1
9375,7,7
9376,4,3
9377,5,5
9378,4,4
9379,9,9
9380,7,7
9381,5,5
9382,1,2
9383,9,9
9384,1,9
9385,0,4
9386,5,7
9387,4,4
9388,1,1
9389,3,3
9390,8,8
9391,7,7
9392,8,9
9393,0,0
9394,4,4
9395,5,5
9396,7,7
9397,2,5
9398,2,2
9399,1,8
9400,7,7
9401,6,6
9402,1,9
9403,6,6
9404,9,9
9405,5,3
9406,8,8
9407,3,5
9408,6,6
9409,6,6
9410,9,9
9411,5,5
9412,7,7
9413,8,8
9414,0,0
9415,3,5
9416,1,0
9417,7,7
9418,5,4
9419,9,8
9420,5,2
9421,5,5
9422,1,1
9423,3,3
9424,4,2
9425,2,2
9426,6,6
9427,4,2
9428,1,1
9429,3,7
9430,4,4
9431,4,6
9432,5,3
9433,1,1
9434,7,3
9435,7,7
9436,5,2
9437,1,1
9438,4,3
9439,9,7
9440,9,0
9441,8,8
9442,4,4
9443,7,4
9444,2,5
9445,7,7
9446,4,9
9447,7,5
9448,4,4
9449,7,3
9450,8,9
9451,6,6
9452,8,8
9453,2,2
9454,5,3
9455,4,3
9456,1,1
9457,6,6
9458,9,1
9459,7,7
9460,0,0
9461,5,3
9462,6,4
9463,4,2
9464,8,9
9465,4,4
9466,7,5
9467,8,8
9468,7,2
9469,7,7
9470,0,0
9471,9,9
9472,4,6
9473,8,8
9474,0,0
9475,8,8
9476,4,2
9477,8,8
9478,5,5
9479,7,7
9480,7,7
9481,2,2
9482,7,2
9483,2,0
9484,8,0
9485,7,0
9486,7,7
9487,4,4
9488,1,1
9489,6,6
9490,6,6
9491,8,8
9492,2,8
9493,9,9
9494,8,0
9495,9,9
9496,0,0
9497,1,1
9498,4,3
9499,6,3
9500,0,0
9501,9,9
9502,0,6
9503,6,6
9504,6,2
9505,6,6
9506,2,3
9507,7,4
9508,8,0
9509,9,8
9510,3,4
9511,1,1
9512,4,4
9513,0,0
9514,6,6
9515,1,5
9516,0,0
9517,9,9
9518,1,9
9519,9,9
9520,9,9
9521,9,1
9522,4,2
9523,4,3
9524,5,5
9525,4,4
9526,2,2
9527,9,9
9528,3,6
9529,8,0
9530,6,9
9531,6,6
9532,6,6
9533,8,8
9534,3,0
9535,4,6
9536,6,1
9537,3,4
9538,6,6
9539,9,8
9540,0,0
9541,5,5
9542,4,4
9543,9,1
9544,2,2
9545,0,0
9546,9,9
9547,6,6
9548,4,4
9549,6,2
9550,4,4
9551,6,6
9552,1,5
9553,9,9
9554,4,7
9555,7,7
9556,4,4
9557,6,6
9558,5,5
9559,0,0
9560,9,1
9561,9,9
9562,8,0
9563,3,3
9564,3,1
9565,9,9
9566,0,0
9567,9,9
9568,2,7
9569,8,8
9570,6,6
9571,7,7
9572,6,6
9573,8,8
9574,5,2
9575,4,4
9576,3,5
9577,3,3
9578,0,0
9579,1,3
9580,6,2
9581,1,1
9582,7,7
9583,5,5
9584,9,9
9585,3,3
9586,4,4
9587,3,5
9588,9,7
9589,1,1
9590,5,5
9591,8,0
9592,1,1
9593,9,1
9594,9,1
9595,9,9
9596,7,7
9597,7,5
9598,4,4
9599,9,9
9600,7,7
9601,8,8
9602,1,1
9603,8,0
9604,7,2
9605,0,8
9606,5,5
9607,9,6
9608,7,7
9609,0,0
9610,6,1
9611,4,4
9612,8,8
9613,4,4
9614,4,4
9615,6,6
9616,6,6
9617,4,5
9618,8,8
9619,1,1
9620,8,8
9621,5,4
9622,5,6
9623,7,5
9624,9,9
9625,2,2
9626,2,2
9627,1,1
9628,2,4
9629,9,9
9630,9,1
9631,3,6
9632,7,7
9633,2,2
9634,0,0
9635,1,1
9636,4,7
9637,6,6
9638,9,5
9639,2,2
9640,1,2
9641,5,5
9642,2,6
9643,0,0
9644,9,9
9645,0,0
9646,1,1
9647,9,5
9648,1,3
9649,3,3
9650,3,5
9651,8,8
9652,7,7
9653,2,5
9654,6,6
9655,5,5
9656,8,8
9657,8,0
9658,3,5
9659,9,9
9660,6,4
9661,9,6
9662,5,5
9663,9,1
9664,9,1
9665,8,0
9666,3,3
9667,3,3
9668,9,9
9669,7,4
9670,9,8
9671,9,1
9672,7,7
9673,7,7
9674,1,9
9675,9,9
9676,5,4
9677,2,3
9678,6,6
9679,2,3
9680,5,2
9681,8,8
9682,2,2
9683,7,7
9684,6,6
9685,7,7
9686,0,0
9687,6,2
9688,9,1
9689,2,2
9690,9,9
9691,2,4
9692,6,6
9693,9,9
9694,4,6
9695,6,1
9696,0,0
9697,9,1
9698,0,8
9699,7,7
9700,9,0
9701,0,0
9702,7,4
9703,7,7
9704,1,4
9705,3,2
9706,4,6
9707,9,9
9708,5,5
9709,1,9
9710,8,0
9711,7,7
9712,4,4
9713,3,5
9714,8,8
9715,1,1
9716,6,4
9717,5,7
9718,9,9
9719,9,9
9720,8,8
9721,6,8
9722,2,6
9723,3,3
9724,7,7
9725,0,0
9726,8,8
9727,9,9
9728,0,6
9729,2,2
9730,6,4
9731,6,6
9732,2,2
9733,1,9
9734,7,7
9735,4,4
9736,8,6
9737,8,8
9738,3,5
9739,6,6
9740,1,1
9741,6,3
9742,5,5
9743,9,9
9744,1,9
9745,9,1
9746,3,3
9747,0,2
9748,0,0
9749,3,3
9750,0,0
9751,6,2
9752,1,0
9753,7,7
9754,3,3
9755,1,9
9756,6,3
9757,3,5
9758,3,7
9759,3,6
9760,5,5
9761,9,9
9762,5,5
9763,6,6
9764,1,1
9765,6,2
9766,4,4
9767,0,0
9768,7,2
9769,7,7
9770,8,8
9771,4,4
9772,4,4
9773,0,0
9774,9,9
9775,5,5
9776,9,9
9777,6,2
9778,9,9
9779,3,3
9780,6,2
9781,4,4
9782,3,3
9783,2,2
9784,4,2
9785,0,8
9786,0,8
9787,1,6
9788,0,8
9789,1,1
9790,4,6
9791,9,8
9792,6,9
9793,9,8
9794,3,2
9795,1,1
9796,2,4
9797,9,9
9798,1,1
9799,5,5
9800,7,7
9801,1,1
9802,4,6
9803,0,0
9804,1,1
9805,5,5
9806,0,2
9807,8,8
9808,1,1
9809,1,1
9810,3,3
9811,1,8
9812,1,1
9813,1,3
9814,1,1
9815,8,8
9816,6,5
9817,8,1
9818,1,9
9819,0,0
9820,5,3
9821,8,0
9822,4,4
9823,0,0
9824,3,5
9825,9,1
9826,2,2
9827,0,0
9828,4,4
9829,9,9
9830,7,5
9831,1,1
9832,6,2
9833,4,2
9834,7,7
9835,8,8
9836,4,7
9837,2,2
9838,5,4
9839,5,5
9840,2,3
9841,7,4
9842,8,0
9843,4,6
9844,8,1
9845,5,5
9846,9,9
9847,8,8
9848,0,0
9849,7,2
9850,2,0
9851,4,7
9852,6,6
9853,8,0
9854,2,5
9855,9,9
9856,7,7
9857,5,5
9858,1,0
9859,6,4
9860,2,6
9861,6,0
9862,6,6
9863,0,3
9864,6,6
9865,7,8
9866,1,1
9867,4,1
9868,8,8
9869,1,9
9870,7,7
9871,7,2
9872,9,9
9873,0,0
9874,2,2
9875,5,2
9876,1,9
9877,8,0
9878,2,6
9879,2,5
9880,4,7
9881,7,7
9882,1,9
9883,9,1
9884,7,7
9885,1,9
9886,8,8
9887,4,4
9888,5,5
9889,0,0
9890,8,8
9891,0,0
9892,2,2
9893,5,5
9894,2,2
9895,1,1
9896,4,4
9897,2,4
9898,8,8
9899,9,9
9900,3,7
9901,8,8
9902,1,3
9903,1,6
9904,6,6
9905,0,0
9906,1,1
9907,9,1
9908,1,1
9909,0,8
9910,1,1
9911,7,4
9912,4,4
9913,9,0
9914,7,7
9915,9,8
9916,2,2
9917,1,1
9918,2,2
9919,5,5
9920,4,4
9921,4,6
9922,4,0
9923,3,5
9924,7,7
9925,8,4
9926,4,4
9927,2,3
9928,9,9
9929,5,5
9930,8,8
9931,9,8
9932,0,0
9933,0,8
9934,7,7
9935,4,4
9936,1,1
9937,1,8
9938,4,4
9939,9,9
9940,5,5
9941,3,4
9942,1,1
9943,9,7
9944,6,7
9945,7,7
9946,7,7
9947,0,0
9948,2,3
9949,8,8
9950,3,3
9951,3,3
9952,8,0
9953,5,5
9954,7,7
9955,0,0
9956,8,8
9957,0,0
9958,0,0
9959,9,9
9960,7,2
9961,0,2
9962,3,3
9963,2,4
9964,8,8
9965,4,2
9966,2,2
9967,6,6
9968,1,3
9969,5,3
9970,6,6
9971,4,2
9972,9,9
9973,4,4
9974,8,0
9975,1,1
9976,7,7
9977,5,5
9978,5,5
9979,4,7
9980,5,3
9981,0,0
9982,4,4
9983,6,2
9984,0,0
9985,4,7
9986,3,5
9987,8,8
9988,8,0
9989,8,8
9990,2,2
9991,7,7
9992,0,0
9993,3,3
9994,3,5
9995,2,3
9996,3,8
9997,5,3
9998,5,5
9999,5,1
10000,7,7
